participant_id,iteration,fs,accuracy,CMA_accuracy
,0,0.5,66.59333333333333,
5e909231933994023e8b3c4d,0,0.5,66.15666666666667,66.15666666666667
5e909231933994023e8b3c4d,1,0.5,66.65333333333334,66.405
5e909231933994023e8b3c4d,2,0.5,66.17666666666666,66.3288888888889
5e909231933994023e8b3c4d,3,0.5,66.35,66.33416666666666
5e909231933994023e8b3c4d,4,0.5,66.35333333333332,66.338
5e909231933994023e8b3c4d,5,0.5,66.47,66.36
5e909231933994023e8b3c4d,6,0.5,65.97666666666666,66.3052380952381
5e909231933994023e8b3c4d,7,0.5,66.42,66.31958333333333
5e909231933994023e8b3c4d,8,0.5,66.15666666666667,66.30148148148149
5e909231933994023e8b3c4d,9,0.5,66.28666666666668,66.3
5e909231933994023e8b3c4d,10,0.5,65.87333333333333,66.26121212121213
5e909231933994023e8b3c4d,11,0.5,66.30333333333334,66.26472222222222
5e909231933994023e8b3c4d,12,0.5,66.0,66.24435897435897
5e909231933994023e8b3c4d,13,0.5,66.22,66.24261904761904
5e909231933994023e8b3c4d,14,0.5,65.67333333333333,66.20466666666667
5e909231933994023e8b3c4d,15,0.5,66.04333333333334,66.19458333333333
5e909231933994023e8b3c4d,16,0.5,65.82666666666667,66.17294117647059
5e909231933994023e8b3c4d,17,0.5,65.99333333333334,66.16296296296296
5e909231933994023e8b3c4d,18,0.5,66.28333333333333,66.16929824561403
5e909231933994023e8b3c4d,19,0.5,66.23666666666666,66.17266666666667
5e909231933994023e8b3c4d,20,0.5,66.14,66.1711111111111
5e909231933994023e8b3c4d,21,0.5,66.2,66.17242424242424
5e909231933994023e8b3c4d,22,0.5,66.30333333333334,66.17811594202898
5e909231933994023e8b3c4d,23,0.5,66.10666666666667,66.1751388888889
5e909231933994023e8b3c4d,24,0.5,66.3,66.18013333333333
5e909231933994023e8b3c4d,25,0.5,65.86666666666666,66.16807692307692
5e909231933994023e8b3c4d,26,0.5,66.21000000000001,66.16962962962963
5e909231933994023e8b3c4d,27,0.5,66.64666666666666,66.18666666666667
5e909231933994023e8b3c4d,28,0.5,66.33666666666667,66.19183908045977
5e909231933994023e8b3c4d,29,0.5,66.00333333333333,66.18555555555555
5e909231933994023e8b3c4d,30,0.5,66.28,66.18860215053763
5e909231933994023e8b3c4d,31,0.5,65.66666666666666,66.17229166666667
5e909231933994023e8b3c4d,32,0.5,65.88666666666667,66.16363636363637
5e909231933994023e8b3c4d,33,0.5,65.95666666666666,66.15754901960784
5e909231933994023e8b3c4d,34,0.5,65.61666666666667,66.14209523809524
5e909231933994023e8b3c4d,35,0.5,66.02,66.1387037037037
5e909231933994023e8b3c4d,36,0.5,66.06333333333333,66.13666666666667
5e909231933994023e8b3c4d,37,0.5,66.05,66.13438596491228
5e909231933994023e8b3c4d,38,0.5,65.68,66.12273504273504
5e909231933994023e8b3c4d,39,0.5,66.17333333333333,66.124
5e909231933994023e8b3c4d,40,0.5,65.91666666666667,66.11894308943089
5e909231933994023e8b3c4d,41,0.5,65.86,66.11277777777778
5e909231933994023e8b3c4d,42,0.5,66.16,66.11387596899225
5e909231933994023e8b3c4d,43,0.5,66.19333333333334,66.11568181818183
5e909231933994023e8b3c4d,44,0.5,66.02333333333334,66.11362962962963
5e909231933994023e8b3c4d,45,0.5,65.69666666666667,66.1045652173913
5e909231933994023e8b3c4d,46,0.5,65.67,66.09531914893617
5e909231933994023e8b3c4d,47,0.5,66.13,66.09604166666666
5e909231933994023e8b3c4d,48,0.5,65.71000000000001,66.08816326530612
5e909231933994023e8b3c4d,49,0.5,65.86999999999999,66.0838
5e909231933994023e8b3c4d,50,0.5,65.86666666666666,66.07954248366013
5e909231933994023e8b3c4d,51,0.5,65.63333333333333,66.07096153846155
5e909231933994023e8b3c4d,52,0.5,66.00333333333333,66.06968553459119
5e909231933994023e8b3c4d,53,0.5,65.85333333333332,66.06567901234568
5e909231933994023e8b3c4d,54,0.5,65.89666666666668,66.06260606060606
5e909231933994023e8b3c4d,55,0.5,65.97333333333333,66.0610119047619
5e909231933994023e8b3c4d,56,0.5,65.68666666666667,66.05444444444444
5e909231933994023e8b3c4d,57,0.5,66.10333333333334,66.05528735632184
5e909231933994023e8b3c4d,58,0.5,66.22666666666667,66.05819209039548
5e909231933994023e8b3c4d,59,0.5,66.03333333333333,66.05777777777777
5e909231933994023e8b3c4d,60,0.5,65.92666666666666,66.05562841530055
5e909231933994023e8b3c4d,61,0.5,65.93,66.05360215053763
5e909231933994023e8b3c4d,62,0.5,65.99666666666667,66.0526984126984
5e909231933994023e8b3c4d,63,0.5,65.89333333333333,66.05020833333333
5e909231933994023e8b3c4d,64,0.5,65.77333333333333,66.04594871794872
5e909231933994023e8b3c4d,65,0.5,66.05333333333333,66.0460606060606
5e909231933994023e8b3c4d,66,0.5,65.81666666666666,66.0426368159204
5e909231933994023e8b3c4d,67,0.5,66.04666666666667,66.04269607843138
5e909231933994023e8b3c4d,68,0.5,66.00333333333333,66.04212560386473
5e909231933994023e8b3c4d,69,0.5,65.92333333333333,66.04042857142856
5e909231933994023e8b3c4d,70,0.5,65.78,66.03676056338028
5e909231933994023e8b3c4d,71,0.5,66.01333333333334,66.03643518518518
5e909231933994023e8b3c4d,72,0.5,66.21000000000001,66.03881278538812
5e909231933994023e8b3c4d,73,0.5,66.01666666666667,66.03851351351352
5e909231933994023e8b3c4d,74,0.5,66.24,66.0412
5e909231933994023e8b3c4d,75,0.5,65.60000000000001,66.0353947368421
5e909231933994023e8b3c4d,76,0.5,66.14,66.03675324675325
5e909231933994023e8b3c4d,77,0.5,65.99000000000001,66.03615384615384
5e909231933994023e8b3c4d,78,0.5,65.59333333333333,66.03054852320675
5e909231933994023e8b3c4d,79,0.5,65.98,66.02991666666667
5e909231933994023e8b3c4d,80,0.5,66.07,66.03041152263374
5e909231933994023e8b3c4d,81,0.5,65.67666666666668,66.02609756097561
5e909231933994023e8b3c4d,82,0.5,65.68333333333334,66.02196787148596
5e909231933994023e8b3c4d,83,0.5,66.01666666666667,66.02190476190476
5e909231933994023e8b3c4d,84,0.5,65.84333333333333,66.01980392156862
5e909231933994023e8b3c4d,85,0.5,65.62666666666667,66.01523255813954
5e909231933994023e8b3c4d,86,0.5,66.00666666666667,66.01513409961686
5e909231933994023e8b3c4d,87,0.5,65.82666666666667,66.01299242424243
5e909231933994023e8b3c4d,88,0.5,65.90666666666667,66.01179775280899
5e909231933994023e8b3c4d,89,0.5,66.20333333333333,66.01392592592592
5e909231933994023e8b3c4d,90,0.5,65.96333333333332,66.01336996336997
5e909231933994023e8b3c4d,91,0.5,66.10333333333334,66.01434782608695
5e909231933994023e8b3c4d,92,0.5,66.06666666666666,66.01491039426523
5e909231933994023e8b3c4d,93,0.5,66.02666666666667,66.0150354609929
5fe100d9ece28c2fa6e9a5a1,0,0.5,66.26333333333334,66.26333333333334
5fe100d9ece28c2fa6e9a5a1,1,0.5,66.01,66.13666666666667
5fe100d9ece28c2fa6e9a5a1,2,0.5,66.3,66.19111111111111
5fe100d9ece28c2fa6e9a5a1,3,0.5,66.39666666666668,66.2425
5fe100d9ece28c2fa6e9a5a1,4,0.5,66.26333333333334,66.24666666666667
5fe100d9ece28c2fa6e9a5a1,5,0.5,65.91,66.19055555555555
5fe100d9ece28c2fa6e9a5a1,6,0.5,66.37333333333333,66.21666666666667
5fe100d9ece28c2fa6e9a5a1,7,0.5,66.22666666666667,66.21791666666667
5fe100d9ece28c2fa6e9a5a1,8,0.5,66.14,66.20925925925926
5fe100d9ece28c2fa6e9a5a1,9,0.5,65.96666666666667,66.185
5fe100d9ece28c2fa6e9a5a1,10,0.5,66.10000000000001,66.17727272727274
5fe100d9ece28c2fa6e9a5a1,11,0.5,66.40666666666667,66.19638888888889
5fe100d9ece28c2fa6e9a5a1,12,0.5,66.14,66.19205128205128
5fe100d9ece28c2fa6e9a5a1,13,0.5,66.10000000000001,66.1854761904762
5fe100d9ece28c2fa6e9a5a1,14,0.5,66.26666666666667,66.19088888888889
5fe100d9ece28c2fa6e9a5a1,15,0.5,66.16666666666666,66.189375
5fe100d9ece28c2fa6e9a5a1,16,0.5,66.34666666666666,66.1986274509804
5fe100d9ece28c2fa6e9a5a1,17,0.5,65.96333333333332,66.18555555555555
5fe100d9ece28c2fa6e9a5a1,18,0.5,66.23666666666666,66.18824561403508
5fe100d9ece28c2fa6e9a5a1,19,0.5,66.14999999999999,66.18633333333334
5fe100d9ece28c2fa6e9a5a1,20,0.5,65.85333333333332,66.1704761904762
5fe100d9ece28c2fa6e9a5a1,21,0.5,66.20666666666666,66.17212121212121
5fe100d9ece28c2fa6e9a5a1,22,0.5,66.34333333333333,66.17956521739131
5fe100d9ece28c2fa6e9a5a1,23,0.5,65.97333333333333,66.17097222222222
5fe100d9ece28c2fa6e9a5a1,24,0.5,66.03,66.16533333333332
5fe100d9ece28c2fa6e9a5a1,25,0.5,66.07666666666667,66.16192307692307
5fe100d9ece28c2fa6e9a5a1,26,0.5,66.10666666666667,66.15987654320988
5fe100d9ece28c2fa6e9a5a1,27,0.5,66.22333333333333,66.16214285714285
5fe100d9ece28c2fa6e9a5a1,28,0.5,66.25,66.1651724137931
5fe100d9ece28c2fa6e9a5a1,29,0.5,66.11666666666667,66.16355555555556
5fe100d9ece28c2fa6e9a5a1,30,0.5,66.18,66.16408602150537
5fe100d9ece28c2fa6e9a5a1,31,0.5,65.99000000000001,66.15864583333334
5fe100d9ece28c2fa6e9a5a1,32,0.5,65.91,66.1511111111111
5fe100d9ece28c2fa6e9a5a1,33,0.5,66.17333333333333,66.15176470588234
5fe100d9ece28c2fa6e9a5a1,34,0.5,66.22,66.15371428571429
5fe100d9ece28c2fa6e9a5a1,35,0.5,66.27333333333333,66.15703703703703
5fe100d9ece28c2fa6e9a5a1,36,0.5,66.19333333333334,66.15801801801803
5fe100d9ece28c2fa6e9a5a1,37,0.5,65.91,66.15149122807017
5fe100d9ece28c2fa6e9a5a1,38,0.5,65.83333333333333,66.14333333333333
5fe100d9ece28c2fa6e9a5a1,39,0.5,66.12333333333333,66.14283333333333
5fe100d9ece28c2fa6e9a5a1,40,0.5,66.02333333333334,66.13991869918699
5fe100d9ece28c2fa6e9a5a1,41,0.5,65.88666666666667,66.13388888888889
5fe100d9ece28c2fa6e9a5a1,42,0.5,66.21666666666667,66.13581395348838
5fe100d9ece28c2fa6e9a5a1,43,0.5,66.34,66.14045454545455
60f5bcf96cd0848f008e3902,0,0.5,66.07333333333332,66.07333333333332
60f5bcf96cd0848f008e3902,1,0.5,66.28666666666668,66.18
60f5bcf96cd0848f008e3902,2,0.5,66.22,66.19333333333333
60f5bcf96cd0848f008e3902,3,0.5,66.23333333333333,66.20333333333333
60f5bcf96cd0848f008e3902,4,0.5,66.25999999999999,66.21466666666666
60f5bcf96cd0848f008e3902,5,0.5,66.24,66.21888888888888
60f5bcf96cd0848f008e3902,6,0.5,66.38333333333334,66.24238095238096
60f5bcf96cd0848f008e3902,7,0.5,66.16666666666666,66.23291666666667
60f5bcf96cd0848f008e3902,8,0.5,65.85666666666667,66.19111111111111
60f5bcf96cd0848f008e3902,9,0.5,66.05333333333333,66.17733333333334
60f5bcf96cd0848f008e3902,10,0.5,65.77666666666667,66.14090909090909
60f5bcf96cd0848f008e3902,11,0.5,65.80666666666667,66.11305555555556
6120211d8e1eab16fcb7ad69,0,0.5,66.07333333333332,66.07333333333332
6120211d8e1eab16fcb7ad69,1,0.5,66.31666666666666,66.195
6120211d8e1eab16fcb7ad69,2,0.5,66.36999999999999,66.25333333333333
6120211d8e1eab16fcb7ad69,3,0.5,66.07666666666667,66.20916666666666
6120211d8e1eab16fcb7ad69,4,0.5,66.21333333333334,66.21
6120211d8e1eab16fcb7ad69,5,0.5,66.16666666666666,66.20277777777777
6120211d8e1eab16fcb7ad69,6,0.5,65.88333333333334,66.15714285714286
6120211d8e1eab16fcb7ad69,7,0.5,66.18,66.16
6120211d8e1eab16fcb7ad69,8,0.5,66.05333333333333,66.14814814814814
6120211d8e1eab16fcb7ad69,9,0.5,65.96666666666667,66.13
6120211d8e1eab16fcb7ad69,10,0.5,66.09666666666666,66.1269696969697
6120211d8e1eab16fcb7ad69,11,0.5,65.93333333333334,66.11083333333333
6120211d8e1eab16fcb7ad69,12,0.5,65.85666666666667,66.09128205128205
6120211d8e1eab16fcb7ad69,13,0.5,65.60000000000001,66.05619047619048
6120211d8e1eab16fcb7ad69,14,0.5,65.75999999999999,66.03644444444444
6120211d8e1eab16fcb7ad69,15,0.5,65.95,66.03104166666667
60e0e480c45d13e3fc1aae6b,0,0.5,66.07333333333332,66.07333333333332
60e0e480c45d13e3fc1aae6b,1,0.5,66.10333333333334,66.08833333333334
60e0e480c45d13e3fc1aae6b,2,0.5,65.84666666666666,66.00777777777778
60e0e480c45d13e3fc1aae6b,3,0.5,66.25333333333333,66.06916666666666
60e0e480c45d13e3fc1aae6b,4,0.5,66.24,66.10333333333332
60e0e480c45d13e3fc1aae6b,5,0.5,65.92666666666666,66.07388888888889
60e0e480c45d13e3fc1aae6b,6,0.5,66.22666666666667,66.09571428571428
60e0e480c45d13e3fc1aae6b,7,0.5,66.21333333333334,66.11041666666667
60e0e480c45d13e3fc1aae6b,8,0.5,66.07666666666667,66.10666666666667
60e0e480c45d13e3fc1aae6b,9,0.5,65.63,66.059
60e0e480c45d13e3fc1aae6b,10,0.5,66.17,66.0690909090909
60e0e480c45d13e3fc1aae6b,11,0.5,65.77333333333333,66.04444444444444
60e0e480c45d13e3fc1aae6b,12,0.5,65.81333333333333,66.02666666666667
60e0e480c45d13e3fc1aae6b,13,0.5,65.88000000000001,66.01619047619047
60e0e480c45d13e3fc1aae6b,14,0.5,66.06,66.01911111111112
60e0e480c45d13e3fc1aae6b,15,0.5,65.82000000000001,66.00666666666666
60e0e480c45d13e3fc1aae6b,16,0.5,65.85333333333332,65.99764705882353
60e0e480c45d13e3fc1aae6b,17,0.5,65.79,65.98611111111111
60e0e480c45d13e3fc1aae6b,18,0.5,65.27666666666667,65.94877192982456
60e0e480c45d13e3fc1aae6b,19,0.5,65.67333333333333,65.935
60e0e480c45d13e3fc1aae6b,20,0.5,65.79,65.92809523809524
60e0e480c45d13e3fc1aae6b,21,0.5,65.61,65.91363636363636
60e0e480c45d13e3fc1aae6b,22,0.5,65.77666666666667,65.90768115942029
60e0e480c45d13e3fc1aae6b,23,0.5,66.07,65.91444444444444
60e0e480c45d13e3fc1aae6b,24,0.5,65.90666666666667,65.91413333333333
6151f4af8af3c53428216391,0,0.5,66.23666666666666,66.23666666666666
6151f4af8af3c53428216391,1,0.5,66.41333333333334,66.325
6151f4af8af3c53428216391,2,0.5,66.33333333333333,66.32777777777778
6151f4af8af3c53428216391,3,0.5,66.01666666666667,66.25
6151f4af8af3c53428216391,4,0.5,66.09666666666666,66.21933333333334
6151f4af8af3c53428216391,5,0.5,65.98333333333333,66.17999999999999
6151f4af8af3c53428216391,6,0.5,66.16,66.17714285714285
6151f4af8af3c53428216391,7,0.5,65.94333333333333,66.14791666666666
6101c49c2727ad36a6c593af,0,0.5,66.26333333333334,66.26333333333334
6101c49c2727ad36a6c593af,1,0.5,66.01,66.13666666666667
6101c49c2727ad36a6c593af,2,0.5,66.23,66.16777777777777
6101c49c2727ad36a6c593af,3,0.5,66.28333333333333,66.19666666666667
6101c49c2727ad36a6c593af,4,0.5,65.86333333333333,66.13
60dc5726c777d9a0e550d1ca,0,0.5,66.26333333333334,66.26333333333334
60dc5726c777d9a0e550d1ca,1,0.5,66.14,66.20166666666667
60dc5726c777d9a0e550d1ca,2,0.5,66.61,66.33777777777777
60dc5726c777d9a0e550d1ca,3,0.5,66.10000000000001,66.27833333333334
60dc5726c777d9a0e550d1ca,4,0.5,66.32000000000001,66.28666666666666
60dc5726c777d9a0e550d1ca,5,0.5,66.23333333333333,66.27777777777779
60dc5726c777d9a0e550d1ca,6,0.5,66.23666666666666,66.27190476190476
60dc5726c777d9a0e550d1ca,7,0.5,66.44,66.29291666666667
60dc5726c777d9a0e550d1ca,8,0.5,65.94,66.2537037037037
60dc5726c777d9a0e550d1ca,9,0.5,65.88000000000001,66.21633333333334
60dc5726c777d9a0e550d1ca,10,0.5,66.23,66.21757575757576
60dc5726c777d9a0e550d1ca,11,0.5,66.24,66.21944444444445
60dc5726c777d9a0e550d1ca,12,0.5,66.22,66.21948717948717
60dc5726c777d9a0e550d1ca,13,0.5,65.96,66.20095238095239
60dc5726c777d9a0e550d1ca,14,0.5,65.77333333333333,66.17244444444445
60dc5726c777d9a0e550d1ca,15,0.5,66.05333333333333,66.165
60dc5726c777d9a0e550d1ca,16,0.5,66.19,66.16647058823528
60dc5726c777d9a0e550d1ca,17,0.5,66.22333333333333,66.16962962962963
60dc5726c777d9a0e550d1ca,18,0.5,66.13666666666667,66.16789473684211
60dc5726c777d9a0e550d1ca,19,0.5,65.92333333333333,66.15566666666666
60dc5726c777d9a0e550d1ca,20,0.5,66.0,66.14825396825397
60dc5726c777d9a0e550d1ca,21,0.5,65.90666666666667,66.13727272727273
60dc5726c777d9a0e550d1ca,22,0.5,66.14666666666666,66.1376811594203
60dc5726c777d9a0e550d1ca,23,0.5,66.07666666666667,66.13513888888889
60dc5726c777d9a0e550d1ca,24,0.5,65.96,66.12813333333334
60dc5726c777d9a0e550d1ca,25,0.5,65.79666666666667,66.11538461538461
60dc5726c777d9a0e550d1ca,26,0.5,65.74666666666667,66.10172839506173
60dc5726c777d9a0e550d1ca,27,0.5,65.91333333333334,66.095
60dc5726c777d9a0e550d1ca,28,0.5,65.77333333333333,66.08390804597701
60dc5726c777d9a0e550d1ca,29,0.5,66.02333333333334,66.08188888888888
60dc5726c777d9a0e550d1ca,30,0.5,65.34,66.05795698924732
60dc5726c777d9a0e550d1ca,31,0.5,66.10000000000001,66.05927083333333
60dc5726c777d9a0e550d1ca,32,0.5,65.77333333333333,66.05060606060606
60dc5726c777d9a0e550d1ca,33,0.5,65.86999999999999,66.04529411764706
60dc5726c777d9a0e550d1ca,34,0.5,66.23,66.05057142857143
60dc5726c777d9a0e550d1ca,35,0.5,65.71333333333334,66.0412037037037
60dc5726c777d9a0e550d1ca,36,0.5,65.71000000000001,66.03225225225225
60dc5726c777d9a0e550d1ca,37,0.5,65.63333333333333,66.02175438596491
60dc5726c777d9a0e550d1ca,38,0.5,65.78,66.01555555555555
60dc5726c777d9a0e550d1ca,39,0.5,65.89,66.01241666666667
60dc5726c777d9a0e550d1ca,40,0.5,65.81666666666666,66.00764227642277
60dc5726c777d9a0e550d1ca,41,0.5,66.13333333333333,66.01063492063493
60dc5726c777d9a0e550d1ca,42,0.5,65.9,66.00806201550388
60dc5726c777d9a0e550d1ca,43,0.5,65.82333333333334,66.00386363636363
60dc5726c777d9a0e550d1ca,44,0.5,65.88333333333334,66.00118518518518
60dc5726c777d9a0e550d1ca,45,0.5,65.80333333333334,65.99688405797102
60dc5726c777d9a0e550d1ca,46,0.5,66.00333333333333,65.99702127659575
60dc5726c777d9a0e550d1ca,47,0.5,65.85,65.99395833333334
60dc5726c777d9a0e550d1ca,48,0.5,65.97666666666666,65.99360544217687
60dc5726c777d9a0e550d1ca,49,0.5,65.7,65.98773333333334
60dc5726c777d9a0e550d1ca,50,0.5,65.96666666666667,65.98732026143792
60dc5726c777d9a0e550d1ca,51,0.5,65.56666666666666,65.97923076923077
60dc5726c777d9a0e550d1ca,52,0.5,66.22,65.98377358490566
60dc5726c777d9a0e550d1ca,53,0.5,65.81,65.98055555555555
60dc5726c777d9a0e550d1ca,54,0.5,65.93666666666667,65.97975757575757
60dc5726c777d9a0e550d1ca,55,0.5,66.10333333333334,65.98196428571428
60dc5726c777d9a0e550d1ca,56,0.5,66.03,65.98280701754386
60dc5726c777d9a0e550d1ca,57,0.5,65.99000000000001,65.98293103448276
60dc5726c777d9a0e550d1ca,58,0.5,65.88000000000001,65.98118644067796
60dc5726c777d9a0e550d1ca,59,0.5,65.97,65.98100000000001
60dc5726c777d9a0e550d1ca,60,0.5,66.01333333333334,65.98153005464481
60dc5726c777d9a0e550d1ca,61,0.5,66.18333333333334,65.98478494623656
60dc5726c777d9a0e550d1ca,62,0.5,66.32666666666667,65.99021164021164
60dc5726c777d9a0e550d1ca,63,0.5,65.90666666666667,65.98890625
60dc5726c777d9a0e550d1ca,64,0.5,66.25,65.99292307692308
60dc5726c777d9a0e550d1ca,65,0.5,66.13666666666667,65.99510101010101
60dc5726c777d9a0e550d1ca,66,0.5,66.23,65.99860696517413
60dc5726c777d9a0e550d1ca,67,0.5,65.85,65.99642156862745
60dc5726c777d9a0e550d1ca,68,0.5,65.75,65.9928502415459
60dc5726c777d9a0e550d1ca,69,0.5,66.00666666666667,65.99304761904762
60dc5726c777d9a0e550d1ca,70,0.5,65.90333333333334,65.99178403755869
60dc5726c777d9a0e550d1ca,71,0.5,65.70333333333333,65.98777777777778
60dc5726c777d9a0e550d1ca,72,0.5,66.19,65.99054794520549
60dc5726c777d9a0e550d1ca,73,0.5,65.64999999999999,65.98594594594594
60dc5726c777d9a0e550d1ca,74,0.5,65.89333333333333,65.98471111111111
60dc5726c777d9a0e550d1ca,75,0.5,65.82000000000001,65.98254385964913
60dc5726c777d9a0e550d1ca,76,0.5,65.84333333333333,65.98073593073593
60dc5726c777d9a0e550d1ca,77,0.5,65.99000000000001,65.9808547008547
60dc5726c777d9a0e550d1ca,78,0.5,65.91,65.97995780590718
60dc5726c777d9a0e550d1ca,79,0.5,65.60333333333334,65.97525
60dc5726c777d9a0e550d1ca,80,0.5,65.83666666666666,65.9735390946502
60dc5726c777d9a0e550d1ca,81,0.5,65.96333333333332,65.97341463414634
60dc5726c777d9a0e550d1ca,82,0.5,66.0,65.97373493975903
60dc5726c777d9a0e550d1ca,83,0.5,66.13333333333333,65.97563492063492
60dc5726c777d9a0e550d1ca,84,0.5,66.07333333333332,65.97678431372549
60dc5726c777d9a0e550d1ca,85,0.5,65.90666666666667,65.97596899224806
60dc5726c777d9a0e550d1ca,86,0.5,65.64666666666666,65.97218390804598
60dc5726c777d9a0e550d1ca,87,0.5,65.82333333333334,65.97049242424242
60dc5726c777d9a0e550d1ca,88,0.5,65.66666666666666,65.96707865168538
60dc5726c777d9a0e550d1ca,89,0.5,65.69333333333334,65.96403703703703
60dc5726c777d9a0e550d1ca,90,0.5,65.99666666666667,65.9643956043956
60dc5726c777d9a0e550d1ca,91,0.5,66.13333333333333,65.96623188405798
60dc5726c777d9a0e550d1ca,92,0.5,65.9,65.96551971326164
60dc5726c777d9a0e550d1ca,93,0.5,66.25999999999999,65.9686524822695
60dc5726c777d9a0e550d1ca,94,0.5,65.93333333333334,65.96828070175438
60dc5726c777d9a0e550d1ca,95,0.5,65.8,65.96652777777778
60dc5726c777d9a0e550d1ca,96,0.5,65.80333333333334,65.96484536082474
60dc5726c777d9a0e550d1ca,97,0.5,65.77666666666667,65.96292517006803
60dc5726c777d9a0e550d1ca,98,0.5,65.73666666666666,65.96063973063973
60dc5726c777d9a0e550d1ca,99,0.5,65.73333333333333,65.95836666666668
60dc5726c777d9a0e550d1ca,100,0.5,66.11,65.95986798679868
60dc5726c777d9a0e550d1ca,101,0.5,65.96333333333332,65.95990196078431
60e46e73e4c4216e7dcbe325,0,0.5,66.07333333333332,66.07333333333332
60e46e73e4c4216e7dcbe325,1,0.5,66.28666666666668,66.18
60e46e73e4c4216e7dcbe325,2,0.5,66.22,66.19333333333333
60e46e73e4c4216e7dcbe325,3,0.5,66.23333333333333,66.20333333333333
60e46e73e4c4216e7dcbe325,4,0.5,66.25999999999999,66.21466666666666
60e46e73e4c4216e7dcbe325,5,0.5,66.24,66.21888888888888
60e46e73e4c4216e7dcbe325,6,0.5,66.38333333333334,66.24238095238096
60e46e73e4c4216e7dcbe325,7,0.5,66.16666666666666,66.23291666666667
60e46e73e4c4216e7dcbe325,8,0.5,66.28,66.23814814814814
60e46e73e4c4216e7dcbe325,9,0.5,66.11666666666667,66.226
60e46e73e4c4216e7dcbe325,10,0.5,65.91333333333334,66.19757575757575
60e46e73e4c4216e7dcbe325,11,0.5,65.97333333333333,66.17888888888889
60e46e73e4c4216e7dcbe325,12,0.5,66.09333333333333,66.1723076923077
60e46e73e4c4216e7dcbe325,13,0.5,66.03,66.16214285714285
60e46e73e4c4216e7dcbe325,14,0.5,65.86,66.142
60e46e73e4c4216e7dcbe325,15,0.5,66.11,66.14
60e46e73e4c4216e7dcbe325,16,0.5,65.66333333333333,66.11196078431374
60e46e73e4c4216e7dcbe325,17,0.5,65.70666666666666,66.08944444444444
60e46e73e4c4216e7dcbe325,18,0.5,65.83666666666666,66.0761403508772
60e46e73e4c4216e7dcbe325,19,0.5,66.58,66.10133333333333
5f256074297aac1d8ef7382d,0,0.5,65.88666666666667,65.88666666666667
5f256074297aac1d8ef7382d,1,0.5,66.30333333333334,66.095
5f256074297aac1d8ef7382d,2,0.5,66.23,66.14
5f256074297aac1d8ef7382d,3,0.5,65.86333333333333,66.07083333333334
5f256074297aac1d8ef7382d,4,0.5,66.14333333333333,66.08533333333334
5f256074297aac1d8ef7382d,5,0.5,66.37333333333333,66.13333333333334
5f256074297aac1d8ef7382d,6,0.5,66.18666666666667,66.14095238095238
5f256074297aac1d8ef7382d,7,0.5,66.13666666666667,66.14041666666667
5f256074297aac1d8ef7382d,8,0.5,65.89666666666668,66.11333333333333
5f256074297aac1d8ef7382d,9,0.5,66.25333333333333,66.12733333333333
5f256074297aac1d8ef7382d,10,0.5,65.78666666666668,66.09636363636365
5f256074297aac1d8ef7382d,11,0.5,66.01666666666667,66.08972222222222
5f256074297aac1d8ef7382d,12,0.5,65.78333333333333,66.06615384615385
5f256074297aac1d8ef7382d,13,0.5,66.00666666666667,66.06190476190476
5f256074297aac1d8ef7382d,14,0.5,66.18666666666667,66.07022222222223
5f256074297aac1d8ef7382d,15,0.5,65.89333333333333,66.05916666666667
5f256074297aac1d8ef7382d,16,0.5,66.35666666666667,66.07666666666667
5f256074297aac1d8ef7382d,17,0.5,65.79666666666667,66.06111111111112
5f256074297aac1d8ef7382d,18,0.5,65.68,66.04105263157895
5f256074297aac1d8ef7382d,19,0.5,66.26666666666667,66.05233333333334
5f256074297aac1d8ef7382d,20,0.5,65.87666666666667,66.04396825396826
5f256074297aac1d8ef7382d,21,0.5,65.85666666666667,66.03545454545454
5f256074297aac1d8ef7382d,22,0.5,65.58333333333334,66.01579710144928
5f256074297aac1d8ef7382d,23,0.5,65.82666666666667,66.00791666666667
5f256074297aac1d8ef7382d,24,0.5,65.65333333333334,65.99373333333334
5f256074297aac1d8ef7382d,25,0.5,66.02,65.99474358974359
5f256074297aac1d8ef7382d,26,0.5,65.98,65.9941975308642
5f256074297aac1d8ef7382d,27,0.5,65.82333333333334,65.98809523809524
5f256074297aac1d8ef7382d,28,0.5,66.01666666666667,65.98908045977012
5f256074297aac1d8ef7382d,29,0.5,66.01,65.98977777777777
5f256074297aac1d8ef7382d,30,0.5,65.86333333333333,65.98569892473118
5f256074297aac1d8ef7382d,31,0.5,65.62,65.97427083333334
5f256074297aac1d8ef7382d,32,0.5,65.68666666666667,65.96555555555555
60f724fd8ec131e82a00b129,0,0.5,66.07333333333332,66.07333333333332
60f724fd8ec131e82a00b129,1,0.5,66.28666666666668,66.18
60f724fd8ec131e82a00b129,2,0.5,66.22,66.19333333333333
60f724fd8ec131e82a00b129,3,0.5,66.15666666666667,66.18416666666667
60f724fd8ec131e82a00b129,4,0.5,66.16666666666666,66.18066666666667
60f724fd8ec131e82a00b129,5,0.5,66.11,66.16888888888889
60f724fd8ec131e82a00b129,6,0.5,65.96333333333332,66.13952380952381
60f724fd8ec131e82a00b129,7,0.5,66.27666666666666,66.15666666666667
60f724fd8ec131e82a00b129,8,0.5,66.25666666666666,66.16777777777777
60f724fd8ec131e82a00b129,9,0.5,65.84666666666666,66.13566666666665
60f724fd8ec131e82a00b129,10,0.5,66.37666666666667,66.15757575757576
60f724fd8ec131e82a00b129,11,0.5,66.24333333333333,66.16472222222221
60f724fd8ec131e82a00b129,12,0.5,66.21000000000001,66.16820512820513
60f724fd8ec131e82a00b129,13,0.5,65.98666666666666,66.15523809523809
60f724fd8ec131e82a00b129,14,0.5,65.99000000000001,66.14422222222223
60f724fd8ec131e82a00b129,15,0.5,66.20333333333333,66.14791666666666
60f724fd8ec131e82a00b129,16,0.5,66.19666666666667,66.15078431372548
60f724fd8ec131e82a00b129,17,0.5,65.60333333333334,66.12037037037038
60f724fd8ec131e82a00b129,18,0.5,65.8,66.10350877192982
60f724fd8ec131e82a00b129,19,0.5,65.82000000000001,66.08933333333333
60f724fd8ec131e82a00b129,20,0.5,65.85333333333332,66.07809523809523
60f724fd8ec131e82a00b129,21,0.5,65.93333333333334,66.07151515151514
60f724fd8ec131e82a00b129,22,0.5,65.93333333333334,66.06550724637681
60f724fd8ec131e82a00b129,23,0.5,66.06,66.06527777777778
60f724fd8ec131e82a00b129,24,0.5,65.82666666666667,66.05573333333334
60f724fd8ec131e82a00b129,25,0.5,66.23,66.06243589743589
60f724fd8ec131e82a00b129,26,0.5,65.98,66.05938271604938
60f724fd8ec131e82a00b129,27,0.5,66.05666666666666,66.05928571428572
60f724fd8ec131e82a00b129,28,0.5,66.01666666666667,66.05781609195402
60f724fd8ec131e82a00b129,29,0.5,65.66666666666666,66.04477777777778
60f724fd8ec131e82a00b129,30,0.5,65.69666666666667,66.03354838709677
60f724fd8ec131e82a00b129,31,0.5,65.97,66.03156249999999
60f724fd8ec131e82a00b129,32,0.5,65.60000000000001,66.01848484848485
60f724fd8ec131e82a00b129,33,0.5,65.77333333333333,66.01127450980391
5d66a40c141c9800016a08a2,0,0.5,66.26333333333334,66.26333333333334
5d66a40c141c9800016a08a2,1,0.5,66.27,66.26666666666667
5d66a40c141c9800016a08a2,2,0.5,66.32666666666667,66.28666666666668
5d66a40c141c9800016a08a2,3,0.5,66.17333333333333,66.25833333333333
5d66a40c141c9800016a08a2,4,0.5,66.26333333333334,66.25933333333333
5d66a40c141c9800016a08a2,5,0.5,66.42666666666666,66.28722222222223
5d66a40c141c9800016a08a2,6,0.5,66.13,66.26476190476191
5d66a40c141c9800016a08a2,7,0.5,66.45666666666666,66.28875
5d66a40c141c9800016a08a2,8,0.5,66.23333333333333,66.2825925925926
5d66a40c141c9800016a08a2,9,0.5,66.17666666666666,66.272
5d66a40c141c9800016a08a2,10,0.5,66.01666666666667,66.24878787878788
5d66a40c141c9800016a08a2,11,0.5,66.01666666666667,66.22944444444444
5d66a40c141c9800016a08a2,12,0.5,66.22666666666667,66.22923076923077
5d66a40c141c9800016a08a2,13,0.5,66.42,66.24285714285715
5d66a40c141c9800016a08a2,14,0.5,66.48333333333333,66.25888888888889
5d66a40c141c9800016a08a2,15,0.5,65.96333333333332,66.24041666666666
5d66a40c141c9800016a08a2,16,0.5,65.75,66.21156862745097
5d66a40c141c9800016a08a2,17,0.5,65.98666666666666,66.19907407407408
5d66a40c141c9800016a08a2,18,0.5,65.98666666666666,66.1878947368421
5d66a40c141c9800016a08a2,19,0.5,65.96,66.1765
5d66a40c141c9800016a08a2,20,0.5,66.10000000000001,66.17285714285714
5d66a40c141c9800016a08a2,21,0.5,66.04333333333334,66.1669696969697
5d66a40c141c9800016a08a2,22,0.5,65.49666666666667,66.13782608695652
5d66a40c141c9800016a08a2,23,0.5,65.69666666666667,66.11944444444444
5d66a40c141c9800016a08a2,24,0.5,65.40333333333334,66.0908
5d66a40c141c9800016a08a2,25,0.5,65.47333333333333,66.06705128205128
5d66a40c141c9800016a08a2,26,0.5,65.76666666666667,66.05592592592592
5d66a40c141c9800016a08a2,27,0.5,65.50333333333333,66.03619047619047
5d66a40c141c9800016a08a2,28,0.5,65.72666666666666,66.0255172413793
5d66a40c141c9800016a08a2,29,0.5,65.62333333333333,66.01211111111111
5d66a40c141c9800016a08a2,30,0.5,65.59,65.99849462365592
5d66a40c141c9800016a08a2,31,0.5,65.64999999999999,65.98760416666667
5d66a40c141c9800016a08a2,32,0.5,65.62,65.97646464646465
5d66a40c141c9800016a08a2,33,0.5,65.53,65.96333333333332
5d66a40c141c9800016a08a2,34,0.5,65.52333333333334,65.9507619047619
5d66a40c141c9800016a08a2,35,0.5,65.22333333333333,65.93055555555556
5d66a40c141c9800016a08a2,36,0.5,65.46333333333332,65.91792792792792
5d66a40c141c9800016a08a2,37,0.5,65.34666666666666,65.9028947368421
5d66a40c141c9800016a08a2,38,0.5,65.11,65.8825641025641
5d66a40c141c9800016a08a2,39,0.5,65.23,65.86625000000001
5d66a40c141c9800016a08a2,40,0.5,65.22,65.85048780487804
5d66a40c141c9800016a08a2,41,0.5,65.30666666666667,65.83753968253968
5d66a40c141c9800016a08a2,42,0.5,64.98,65.81759689922481
5d66a40c141c9800016a08a2,43,0.5,65.40333333333334,65.80818181818182
5d66a40c141c9800016a08a2,44,0.5,65.49666666666667,65.80125925925927
5d66a40c141c9800016a08a2,45,0.5,65.29666666666667,65.79028985507247
5d66a40c141c9800016a08a2,46,0.5,65.02666666666667,65.77404255319149
5d66a40c141c9800016a08a2,47,0.5,65.21333333333334,65.7623611111111
5d66a40c141c9800016a08a2,48,0.5,65.50666666666667,65.75714285714285
5d66a40c141c9800016a08a2,49,0.5,65.54333333333334,65.75286666666666
5d66a40c141c9800016a08a2,50,0.5,65.41666666666667,65.74627450980392
5d66a40c141c9800016a08a2,51,0.5,65.42666666666666,65.7401282051282
5d66a40c141c9800016a08a2,52,0.5,65.33,65.73238993710692
5d66a40c141c9800016a08a2,53,0.5,65.4,65.72623456790123
5d66a40c141c9800016a08a2,54,0.5,65.19666666666667,65.71660606060607
5d66a40c141c9800016a08a2,55,0.5,65.06,65.70488095238095
5d66a40c141c9800016a08a2,56,0.5,65.19666666666667,65.6959649122807
5d66a40c141c9800016a08a2,57,0.5,64.94333333333333,65.68298850574712
5d66a40c141c9800016a08a2,58,0.5,64.83666666666666,65.6686440677966
5d66a40c141c9800016a08a2,59,0.5,65.18333333333334,65.66055555555555
5d66a40c141c9800016a08a2,60,0.5,65.29333333333334,65.65453551912569
5d66a40c141c9800016a08a2,61,0.5,65.49333333333334,65.65193548387097
5d66a40c141c9800016a08a2,62,0.5,65.11666666666667,65.64343915343916
5d66a40c141c9800016a08a2,63,0.5,65.16,65.63588541666667
5d66a40c141c9800016a08a2,64,0.5,65.12,65.62794871794871
5d66a40c141c9800016a08a2,65,0.5,65.41666666666667,65.62474747474748
5d66a40c141c9800016a08a2,66,0.5,64.83666666666666,65.61298507462686
5d66a40c141c9800016a08a2,67,0.5,65.08666666666667,65.60524509803922
5d66a40c141c9800016a08a2,68,0.5,65.10000000000001,65.59792270531402
5d66a40c141c9800016a08a2,69,0.5,65.21333333333334,65.59242857142857
5d66a40c141c9800016a08a2,70,0.5,64.99000000000001,65.58394366197183
5d66a40c141c9800016a08a2,71,0.5,64.86666666666666,65.57398148148148
5d66a40c141c9800016a08a2,72,0.5,65.24333333333333,65.56945205479451
5d66a40c141c9800016a08a2,73,0.5,65.30333333333334,65.56585585585586
5d66a40c141c9800016a08a2,74,0.5,65.12,65.55991111111112
5d66a40c141c9800016a08a2,75,0.5,65.39,65.55767543859649
5d66a40c141c9800016a08a2,76,0.5,65.37333333333333,65.55528138528139
5d66a40c141c9800016a08a2,77,0.5,65.28,65.55175213675214
5d66a40c141c9800016a08a2,78,0.5,65.30666666666667,65.54864978902954
5d66a40c141c9800016a08a2,79,0.5,65.16,65.54379166666666
5d66a40c141c9800016a08a2,80,0.5,65.46,65.54275720164608
5d66a40c141c9800016a08a2,81,0.5,65.11,65.53747967479676
5d66a40c141c9800016a08a2,82,0.5,65.45333333333333,65.53646586345381
5d66a40c141c9800016a08a2,83,0.5,65.46,65.53555555555556
5d66a40c141c9800016a08a2,84,0.5,65.02,65.52949019607844
5d66a40c141c9800016a08a2,85,0.5,65.35333333333332,65.52744186046512
5d66a40c141c9800016a08a2,86,0.5,65.51,65.52724137931034
5d66a40c141c9800016a08a2,87,0.5,65.27666666666667,65.52439393939393
5d66a40c141c9800016a08a2,88,0.5,64.96,65.51805243445693
5d66a40c141c9800016a08a2,89,0.5,65.23333333333333,65.51488888888889
5d66a40c141c9800016a08a2,90,0.5,65.07333333333334,65.51003663003662
5d66a40c141c9800016a08a2,91,0.5,64.87666666666667,65.50315217391304
5d66a40c141c9800016a08a2,92,0.5,65.56666666666666,65.50383512544803
5d66a40c141c9800016a08a2,93,0.5,65.40666666666667,65.50280141843972
5d66a40c141c9800016a08a2,94,0.5,65.18666666666667,65.49947368421053
5d66a40c141c9800016a08a2,95,0.5,65.18,65.49614583333333
5d66a40c141c9800016a08a2,96,0.5,65.29666666666667,65.49408934707904
5d66a40c141c9800016a08a2,97,0.5,65.36333333333333,65.49275510204082
5d66a40c141c9800016a08a2,98,0.5,65.07333333333334,65.48851851851852
5d66a40c141c9800016a08a2,99,0.5,65.42999999999999,65.48793333333333
5d66a40c141c9800016a08a2,100,0.5,65.35666666666667,65.48663366336633
5d66a40c141c9800016a08a2,101,0.5,65.35,65.48529411764706
5952a5175071bb0001ce96c7,0,0.5,66.07333333333332,66.07333333333332
5952a5175071bb0001ce96c7,1,0.5,66.31666666666666,66.195
5952a5175071bb0001ce96c7,2,0.5,66.36999999999999,66.25333333333333
5952a5175071bb0001ce96c7,3,0.5,66.04333333333334,66.20083333333332
5952a5175071bb0001ce96c7,4,0.5,66.01,66.16266666666667
5952a5175071bb0001ce96c7,5,0.5,65.81333333333333,66.10444444444444
5952a5175071bb0001ce96c7,6,0.5,65.71666666666667,66.04904761904761
5952a5175071bb0001ce96c7,7,0.5,66.08000000000001,66.05291666666666
5952a5175071bb0001ce96c7,8,0.5,65.84,66.02925925925926
5952a5175071bb0001ce96c7,9,0.5,65.96333333333332,66.02266666666667
5952a5175071bb0001ce96c7,10,0.5,66.0,66.02060606060606
60c63a0fb09fbf271e554c36,0,0.5,66.05,66.05
60c63a0fb09fbf271e554c36,1,0.5,66.69666666666667,66.37333333333333
60c63a0fb09fbf271e554c36,2,0.5,66.08333333333334,66.27666666666667
60c63a0fb09fbf271e554c36,3,0.5,66.18333333333334,66.25333333333333
60c63a0fb09fbf271e554c36,4,0.5,66.45666666666666,66.29400000000001
60c63a0fb09fbf271e554c36,5,0.5,66.0,66.245
60c63a0fb09fbf271e554c36,6,0.5,66.34,66.25857142857143
60c63a0fb09fbf271e554c36,7,0.5,66.49666666666667,66.28833333333334
60c63a0fb09fbf271e554c36,8,0.5,66.2,66.27851851851852
60c63a0fb09fbf271e554c36,9,0.5,65.91,66.24166666666667
60c63a0fb09fbf271e554c36,10,0.5,66.14,66.23242424242424
60c63a0fb09fbf271e554c36,11,0.5,65.88000000000001,66.20305555555557
60c63a0fb09fbf271e554c36,12,0.5,65.98666666666666,66.18641025641026
608252263bd38a91cf28c121,0,0.5,66.26333333333334,66.26333333333334
608252263bd38a91cf28c121,1,0.5,66.14,66.20166666666667
608252263bd38a91cf28c121,2,0.5,66.00333333333333,66.13555555555556
608252263bd38a91cf28c121,3,0.5,66.33333333333333,66.185
608252263bd38a91cf28c121,4,0.5,66.04666666666667,66.15733333333333
608252263bd38a91cf28c121,5,0.5,66.31,66.18277777777779
608252263bd38a91cf28c121,6,0.5,66.35333333333332,66.20714285714286
608252263bd38a91cf28c121,7,0.5,66.13333333333333,66.19791666666666
608252263bd38a91cf28c121,8,0.5,66.21000000000001,66.19925925925925
608252263bd38a91cf28c121,9,0.5,65.97333333333333,66.17666666666666
608252263bd38a91cf28c121,10,0.5,66.22666666666667,66.18121212121213
608252263bd38a91cf28c121,11,0.5,65.94,66.16111111111111
608252263bd38a91cf28c121,12,0.5,66.23666666666666,66.16692307692307
608252263bd38a91cf28c121,13,0.5,66.07666666666667,66.16047619047619
608252263bd38a91cf28c121,14,0.5,66.06,66.15377777777778
5c83f171fff8430001e997b4,0,0.5,66.26333333333334,66.26333333333334
5c83f171fff8430001e997b4,1,0.5,66.01,66.13666666666667
5c83f171fff8430001e997b4,2,0.5,66.23,66.16777777777777
5c83f171fff8430001e997b4,3,0.5,66.03666666666666,66.135
5c83f171fff8430001e997b4,4,0.5,66.21666666666667,66.15133333333333
5c83f171fff8430001e997b4,5,0.5,65.93666666666667,66.11555555555556
5c83f171fff8430001e997b4,6,0.5,66.02666666666667,66.10285714285715
5c83f171fff8430001e997b4,7,0.5,65.91,66.07875
5c83f171fff8430001e997b4,8,0.5,66.18,66.09
5c83f171fff8430001e997b4,9,0.5,66.02,66.083
5c83f171fff8430001e997b4,10,0.5,65.85333333333332,66.06212121212121
5c83f171fff8430001e997b4,11,0.5,66.23,66.0761111111111
60e3303c9f5ea2fc726d58d8,0,0.5,65.88666666666667,65.88666666666667
60e3303c9f5ea2fc726d58d8,1,0.5,66.18,66.03333333333333
60e3303c9f5ea2fc726d58d8,2,0.5,66.25666666666666,66.10777777777777
60e3303c9f5ea2fc726d58d8,3,0.5,66.06666666666666,66.0975
60e3303c9f5ea2fc726d58d8,4,0.5,66.18666666666667,66.11533333333333
60e3303c9f5ea2fc726d58d8,5,0.5,66.26333333333334,66.14
60e3303c9f5ea2fc726d58d8,6,0.5,66.53,66.19571428571429
60e3303c9f5ea2fc726d58d8,7,0.5,66.22333333333333,66.19916666666667
60e3303c9f5ea2fc726d58d8,8,0.5,66.18333333333334,66.19740740740741
60e3303c9f5ea2fc726d58d8,9,0.5,66.05,66.18266666666668
60e3303c9f5ea2fc726d58d8,10,0.5,65.93333333333334,66.16
60e3303c9f5ea2fc726d58d8,11,0.5,66.03333333333333,66.14944444444444
60e3303c9f5ea2fc726d58d8,12,0.5,66.0,66.13794871794872
60e3303c9f5ea2fc726d58d8,13,0.5,65.99000000000001,66.12738095238095
60e3303c9f5ea2fc726d58d8,14,0.5,66.10000000000001,66.12555555555555
5c69824b98f65b0001353794,0,0.5,66.07333333333332,66.07333333333332
5c69824b98f65b0001353794,1,0.5,66.31666666666666,66.195
5c69824b98f65b0001353794,2,0.5,65.96333333333332,66.11777777777776
5c69824b98f65b0001353794,3,0.5,65.94333333333333,66.07416666666666
5c69824b98f65b0001353794,4,0.5,65.93,66.04533333333333
5c69824b98f65b0001353794,5,0.5,66.11666666666667,66.05722222222222
5c69824b98f65b0001353794,6,0.5,66.08000000000001,66.0604761904762
5c69824b98f65b0001353794,7,0.5,66.03666666666666,66.0575
5c69824b98f65b0001353794,8,0.5,65.92666666666666,66.04296296296296
5c69824b98f65b0001353794,9,0.5,65.96666666666667,66.03533333333334
5c69824b98f65b0001353794,10,0.5,65.69333333333334,66.00424242424242
5c69824b98f65b0001353794,11,0.5,65.86666666666666,65.99277777777777
5c69824b98f65b0001353794,12,0.5,66.3,66.01641025641025
5c69824b98f65b0001353794,13,0.5,66.03,66.01738095238095
5c69824b98f65b0001353794,14,0.5,65.99333333333334,66.01577777777779
5c69824b98f65b0001353794,15,0.5,66.29,66.03291666666667
5c69824b98f65b0001353794,16,0.5,66.30333333333334,66.04882352941176
5c69824b98f65b0001353794,17,0.5,65.87333333333333,66.03907407407408
5c69824b98f65b0001353794,18,0.5,65.91,66.03228070175437
5c69824b98f65b0001353794,19,0.5,66.21000000000001,66.04116666666667
5c69824b98f65b0001353794,20,0.5,65.99666666666667,66.03904761904762
5c69824b98f65b0001353794,21,0.5,66.2,66.04636363636364
5c69824b98f65b0001353794,22,0.5,66.49666666666667,66.0659420289855
5c69824b98f65b0001353794,23,0.5,66.29333333333334,66.07541666666667
5c69824b98f65b0001353794,24,0.5,66.14,66.078
5c69824b98f65b0001353794,25,0.5,66.22333333333333,66.08358974358974
5c69824b98f65b0001353794,26,0.5,66.06666666666666,66.08296296296297
5c69824b98f65b0001353794,27,0.5,66.01666666666667,66.08059523809524
5c69824b98f65b0001353794,28,0.5,66.21333333333334,66.0851724137931
5c69824b98f65b0001353794,29,0.5,66.3,66.09233333333333
5c69824b98f65b0001353794,30,0.5,66.24333333333333,66.09720430107527
5c69824b98f65b0001353794,31,0.5,66.07666666666667,66.0965625
5c69824b98f65b0001353794,32,0.5,66.19333333333334,66.09949494949495
5c69824b98f65b0001353794,33,0.5,66.13,66.10039215686275
5c69824b98f65b0001353794,34,0.5,66.05,66.09895238095237
5c69824b98f65b0001353794,35,0.5,66.19,66.10148148148147
5c69824b98f65b0001353794,36,0.5,66.10333333333334,66.10153153153153
5c69824b98f65b0001353794,37,0.5,66.18666666666667,66.10377192982456
5c69824b98f65b0001353794,38,0.5,66.39,66.11111111111111
5c69824b98f65b0001353794,39,0.5,66.35333333333332,66.11716666666666
5c69824b98f65b0001353794,40,0.5,66.22,66.11967479674797
5c69824b98f65b0001353794,41,0.5,66.01,66.1170634920635
5c69824b98f65b0001353794,42,0.5,65.96666666666667,66.11356589147286
5c69824b98f65b0001353794,43,0.5,66.44333333333333,66.12106060606061
5c69824b98f65b0001353794,44,0.5,66.11,66.1208148148148
5c69824b98f65b0001353794,45,0.5,66.16666666666666,66.1218115942029
5c69824b98f65b0001353794,46,0.5,66.00666666666667,66.11936170212766
5c69824b98f65b0001353794,47,0.5,65.99333333333334,66.11673611111111
5c69824b98f65b0001353794,48,0.5,66.06333333333333,66.1156462585034
5c69824b98f65b0001353794,49,0.5,66.09,66.11513333333333
5c69824b98f65b0001353794,50,0.5,66.07,66.11424836601307
5c69824b98f65b0001353794,51,0.5,66.21333333333334,66.11615384615385
5c69824b98f65b0001353794,52,0.5,66.19,66.11754716981132
5c69824b98f65b0001353794,53,0.5,66.05666666666666,66.11641975308642
5c69824b98f65b0001353794,54,0.5,66.22333333333333,66.11836363636364
5c69824b98f65b0001353794,55,0.5,66.31666666666666,66.12190476190476
5c69824b98f65b0001353794,56,0.5,66.41333333333334,66.12701754385965
6053c980f7612d61ed799ce9,0,0.5,66.26333333333334,66.26333333333334
6053c980f7612d61ed799ce9,1,0.5,66.01,66.13666666666667
6053c980f7612d61ed799ce9,2,0.5,66.23,66.16777777777777
6053c980f7612d61ed799ce9,3,0.5,66.09666666666666,66.15
6053c980f7612d61ed799ce9,4,0.5,65.99000000000001,66.11800000000001
6053c980f7612d61ed799ce9,5,0.5,66.0,66.09833333333334
6053c980f7612d61ed799ce9,6,0.5,66.16666666666666,66.10809523809523
6053c980f7612d61ed799ce9,7,0.5,66.32666666666667,66.13541666666667
6053c980f7612d61ed799ce9,8,0.5,66.03999999999999,66.12481481481481
6053c980f7612d61ed799ce9,9,0.5,66.45666666666666,66.158
6053c980f7612d61ed799ce9,10,0.5,65.97333333333333,66.14121212121212
6053c980f7612d61ed799ce9,11,0.5,66.05,66.13361111111111
6053c980f7612d61ed799ce9,12,0.5,66.16333333333333,66.13589743589743
6053c980f7612d61ed799ce9,13,0.5,65.99000000000001,66.12547619047619
6053c980f7612d61ed799ce9,14,0.5,65.76333333333334,66.10133333333333
6053c980f7612d61ed799ce9,15,0.5,66.00666666666667,66.09541666666667
6053c980f7612d61ed799ce9,16,0.5,66.06,66.09333333333333
6053c980f7612d61ed799ce9,17,0.5,66.05,66.09092592592593
6053c980f7612d61ed799ce9,18,0.5,66.19,66.09614035087719
6053c980f7612d61ed799ce9,19,0.5,66.07666666666667,66.09516666666667
6053c980f7612d61ed799ce9,20,0.5,65.91333333333334,66.08650793650793
6053c980f7612d61ed799ce9,21,0.5,66.05,66.0848484848485
6053c980f7612d61ed799ce9,22,0.5,65.94666666666666,66.07884057971015
6053c980f7612d61ed799ce9,23,0.5,65.82666666666667,66.06833333333334
6053c980f7612d61ed799ce9,24,0.5,66.05,66.0676
6053c980f7612d61ed799ce9,25,0.5,65.61666666666667,66.05025641025641
6131460946d0022f68082db6,0,0.5,66.26333333333334,66.26333333333334
6131460946d0022f68082db6,1,0.5,66.14,66.20166666666667
6131460946d0022f68082db6,2,0.5,66.00333333333333,66.13555555555556
6131460946d0022f68082db6,3,0.5,66.07,66.11916666666667
6131460946d0022f68082db6,4,0.5,66.20666666666666,66.13666666666667
6131460946d0022f68082db6,5,0.5,66.00333333333333,66.11444444444444
6131460946d0022f68082db6,6,0.5,66.16666666666666,66.12190476190476
6131460946d0022f68082db6,7,0.5,65.69666666666667,66.06875
6131460946d0022f68082db6,8,0.5,65.9,66.05000000000001
6131460946d0022f68082db6,9,0.5,65.9,66.035
6131460946d0022f68082db6,10,0.5,66.11666666666667,66.04242424242425
6131460946d0022f68082db6,11,0.5,66.52666666666667,66.08277777777778
6131460946d0022f68082db6,12,0.5,66.09666666666666,66.08384615384615
6131460946d0022f68082db6,13,0.5,66.07666666666667,66.08333333333333
6131460946d0022f68082db6,14,0.5,66.35333333333332,66.10133333333333
6131460946d0022f68082db6,15,0.5,66.03999999999999,66.0975
6131460946d0022f68082db6,16,0.5,66.27,66.10764705882353
6131460946d0022f68082db6,17,0.5,66.04333333333334,66.10407407407406
6131460946d0022f68082db6,18,0.5,66.07,66.1022807017544
6131460946d0022f68082db6,19,0.5,65.66666666666666,66.0805
6131460946d0022f68082db6,20,0.5,65.78666666666668,66.06650793650793
6131460946d0022f68082db6,21,0.5,65.75333333333333,66.05227272727274
6131460946d0022f68082db6,22,0.5,66.16666666666666,66.05724637681159
6131460946d0022f68082db6,23,0.5,66.25333333333333,66.06541666666666
611e7d1295185bf6f56fd951,0,0.5,66.26333333333334,66.26333333333334
611e7d1295185bf6f56fd951,1,0.5,66.01,66.13666666666667
611e7d1295185bf6f56fd951,2,0.5,66.3,66.19111111111111
611e7d1295185bf6f56fd951,3,0.5,66.19333333333334,66.19166666666666
611e7d1295185bf6f56fd951,4,0.5,66.53999999999999,66.26133333333334
611e7d1295185bf6f56fd951,5,0.5,66.20666666666666,66.25222222222222
611e7d1295185bf6f56fd951,6,0.5,66.52333333333334,66.29095238095239
6103ec2bf88328284fd894bc,0,0.5,66.26333333333334,66.26333333333334
6103ec2bf88328284fd894bc,1,0.5,66.34666666666666,66.305
6103ec2bf88328284fd894bc,2,0.5,65.87333333333333,66.16111111111111
6103ec2bf88328284fd894bc,3,0.5,66.31666666666666,66.2
6103ec2bf88328284fd894bc,4,0.5,65.97666666666666,66.15533333333333
6103ec2bf88328284fd894bc,5,0.5,65.96,66.12277777777778
6103ec2bf88328284fd894bc,6,0.5,66.16666666666666,66.12904761904761
6103ec2bf88328284fd894bc,7,0.5,66.13,66.12916666666666
6103ec2bf88328284fd894bc,8,0.5,65.86666666666666,66.1
6103ec2bf88328284fd894bc,9,0.5,66.10333333333334,66.10033333333334
6103ec2bf88328284fd894bc,10,0.5,65.94,66.08575757575757
6103ec2bf88328284fd894bc,11,0.5,65.88666666666667,66.06916666666666
5d1f440b3aac9200019067f1,0,0.5,66.23666666666666,66.23666666666666
5d1f440b3aac9200019067f1,1,0.5,65.97333333333333,66.10499999999999
5d1f440b3aac9200019067f1,2,0.5,66.13333333333333,66.11444444444443
5d1f440b3aac9200019067f1,3,0.5,66.14666666666666,66.1225
5d1f440b3aac9200019067f1,4,0.5,65.75,66.048
5d1f440b3aac9200019067f1,5,0.5,66.28,66.08666666666666
5d1f440b3aac9200019067f1,6,0.5,65.99000000000001,66.07285714285715
5d1f440b3aac9200019067f1,7,0.5,65.99000000000001,66.0625
5d1f440b3aac9200019067f1,8,0.5,66.09333333333333,66.06592592592592
5d1f440b3aac9200019067f1,9,0.5,66.10666666666667,66.07000000000001
5d1f440b3aac9200019067f1,10,0.5,66.53,66.11181818181818
5d1f440b3aac9200019067f1,11,0.5,66.47,66.14166666666667
5d1f440b3aac9200019067f1,12,0.5,66.02666666666667,66.13282051282052
5d1f440b3aac9200019067f1,13,0.5,66.19666666666667,66.13738095238095
5d1f440b3aac9200019067f1,14,0.5,65.81333333333333,66.11577777777778
5d1f440b3aac9200019067f1,15,0.5,65.71333333333334,66.090625
5d1f440b3aac9200019067f1,16,0.5,65.96333333333332,66.08313725490197
5d1f440b3aac9200019067f1,17,0.5,65.87666666666667,66.07166666666666
5d1f440b3aac9200019067f1,18,0.5,65.86666666666666,66.06087719298246
5d1f440b3aac9200019067f1,19,0.5,65.76666666666667,66.04616666666666
5d1f440b3aac9200019067f1,20,0.5,66.2,66.05349206349207
5d1f440b3aac9200019067f1,21,0.5,65.71000000000001,66.03787878787878
5d1f440b3aac9200019067f1,22,0.5,65.94666666666666,66.03391304347826
5d1f440b3aac9200019067f1,23,0.5,65.63333333333333,66.01722222222223
5d1f440b3aac9200019067f1,24,0.5,65.97,66.01533333333333
5d1f440b3aac9200019067f1,25,0.5,65.79666666666667,66.00692307692307
5d1f440b3aac9200019067f1,26,0.5,65.99000000000001,66.0062962962963
5d1f440b3aac9200019067f1,27,0.5,65.95666666666666,66.0045238095238
5d1f440b3aac9200019067f1,28,0.5,65.89,66.00057471264368
5d1f440b3aac9200019067f1,29,0.5,65.64666666666666,65.98877777777778
5d1f440b3aac9200019067f1,30,0.5,65.37666666666667,65.96903225806452
5d1f440b3aac9200019067f1,31,0.5,65.89333333333333,65.96666666666667
5d1f440b3aac9200019067f1,32,0.5,65.73,65.95949494949495
5d1f440b3aac9200019067f1,33,0.5,65.93333333333334,65.95872549019609
5d1f440b3aac9200019067f1,34,0.5,65.89,65.9567619047619
5d1f440b3aac9200019067f1,35,0.5,65.53333333333333,65.945
5d1f440b3aac9200019067f1,36,0.5,65.42999999999999,65.93108108108108
5d1f440b3aac9200019067f1,37,0.5,65.53,65.92052631578947
5d1f440b3aac9200019067f1,38,0.5,65.76666666666667,65.91658119658119
5d1f440b3aac9200019067f1,39,0.5,65.63666666666667,65.90958333333333
5d1f440b3aac9200019067f1,40,0.5,65.61,65.90227642276423
5d1f440b3aac9200019067f1,41,0.5,65.66666666666666,65.89666666666666
5d1f440b3aac9200019067f1,42,0.5,65.29666666666667,65.88271317829457
5d1f440b3aac9200019067f1,43,0.5,65.57333333333332,65.87568181818182
5ea96851a879f0059741c4cb,0,0.5,66.26333333333334,66.26333333333334
5ea96851a879f0059741c4cb,1,0.5,66.14,66.20166666666667
5ea96851a879f0059741c4cb,2,0.5,66.14333333333333,66.18222222222222
5ea96851a879f0059741c4cb,3,0.5,66.24666666666667,66.19833333333334
5ea96851a879f0059741c4cb,4,0.5,66.23666666666666,66.20599999999999
5ea96851a879f0059741c4cb,5,0.5,66.18666666666667,66.20277777777778
5ea96851a879f0059741c4cb,6,0.5,65.90666666666667,66.16047619047619
5ea96851a879f0059741c4cb,7,0.5,66.05666666666666,66.1475
5ea96851a879f0059741c4cb,8,0.5,66.08000000000001,66.14
5ea96851a879f0059741c4cb,9,0.5,65.98666666666666,66.12466666666667
5ea96851a879f0059741c4cb,10,0.5,66.03666666666666,66.11666666666666
5ea96851a879f0059741c4cb,11,0.5,65.93666666666667,66.10166666666667
5ea96851a879f0059741c4cb,12,0.5,65.85666666666667,66.08282051282052
5ea96851a879f0059741c4cb,13,0.5,65.91,66.07047619047619
5ea96851a879f0059741c4cb,14,0.5,66.02333333333334,66.06733333333334
5ea96851a879f0059741c4cb,15,0.5,65.78333333333333,66.04958333333333
5ea96851a879f0059741c4cb,16,0.5,65.62,66.0243137254902
5ea96851a879f0059741c4cb,17,0.5,65.82333333333334,66.01314814814815
5ea96851a879f0059741c4cb,18,0.5,65.94333333333333,66.00947368421053
5ea96851a879f0059741c4cb,19,0.5,65.48333333333333,65.98316666666668
5ea96851a879f0059741c4cb,20,0.5,66.05,65.9863492063492
5e8a39059d97d006d0bd8439,0,0.5,66.26333333333334,66.26333333333334
5e8a39059d97d006d0bd8439,1,0.5,65.81,66.03666666666666
5e8a39059d97d006d0bd8439,2,0.5,66.24333333333333,66.10555555555555
5e8a39059d97d006d0bd8439,3,0.5,65.92333333333333,66.06
5e8a39059d97d006d0bd8439,4,0.5,66.16,66.08
5e8a39059d97d006d0bd8439,5,0.5,65.81333333333333,66.03555555555555
5e8a39059d97d006d0bd8439,6,0.5,65.89666666666668,66.01571428571428
5e8a39059d97d006d0bd8439,7,0.5,65.89666666666668,66.00083333333333
5e8a39059d97d006d0bd8439,8,0.5,65.92,65.99185185185186
5e8a39059d97d006d0bd8439,9,0.5,65.75,65.96766666666667
5e8a39059d97d006d0bd8439,10,0.5,65.84333333333333,65.95636363636363
5e8a39059d97d006d0bd8439,11,0.5,65.99333333333334,65.95944444444444
5e8a39059d97d006d0bd8439,12,0.5,66.03999999999999,65.96564102564102
5e8a39059d97d006d0bd8439,13,0.5,66.10000000000001,65.9752380952381
5e8a39059d97d006d0bd8439,14,0.5,66.10333333333334,65.98377777777777
5e8a39059d97d006d0bd8439,15,0.5,66.06333333333333,65.98875
5e8a39059d97d006d0bd8439,16,0.5,65.89666666666668,65.98333333333333
5e8a39059d97d006d0bd8439,17,0.5,65.89,65.97814814814815
5e8a39059d97d006d0bd8439,18,0.5,65.66666666666666,65.96175438596491
5e8a39059d97d006d0bd8439,19,0.5,65.37333333333333,65.93233333333333
5e8a39059d97d006d0bd8439,20,0.5,65.93666666666667,65.93253968253968
61090b7186e1761f97308af9,0,0.5,66.26333333333334,66.26333333333334
61090b7186e1761f97308af9,1,0.5,66.14,66.20166666666667
61090b7186e1761f97308af9,2,0.5,66.61,66.33777777777777
61090b7186e1761f97308af9,3,0.5,66.17666666666666,66.2975
61090b7186e1761f97308af9,4,0.5,66.42333333333333,66.32266666666666
61090b7186e1761f97308af9,5,0.5,66.07666666666667,66.28166666666667
61090b7186e1761f97308af9,6,0.5,66.37333333333333,66.2947619047619
61090b7186e1761f97308af9,7,0.5,66.22333333333333,66.28583333333333
61090b7186e1761f97308af9,8,0.5,66.23333333333333,66.28
61090b7186e1761f97308af9,9,0.5,66.12666666666667,66.26466666666667
61090b7186e1761f97308af9,10,0.5,66.40666666666667,66.27757575757575
61090b7186e1761f97308af9,11,0.5,66.46333333333332,66.29305555555555
61090b7186e1761f97308af9,12,0.5,66.42666666666666,66.30333333333333
61090b7186e1761f97308af9,13,0.5,66.21333333333334,66.29690476190476
61090b7186e1761f97308af9,14,0.5,66.22333333333333,66.292
61090b7186e1761f97308af9,15,0.5,66.47333333333333,66.30333333333333
61090b7186e1761f97308af9,16,0.5,66.19666666666667,66.29705882352941
61090b7186e1761f97308af9,17,0.5,66.15666666666667,66.28925925925927
61090b7186e1761f97308af9,18,0.5,66.19666666666667,66.28438596491229
61065060bc55a8b70bc64d05,0,0.5,66.26333333333334,66.26333333333334
61065060bc55a8b70bc64d05,1,0.5,65.81,66.03666666666666
61065060bc55a8b70bc64d05,2,0.5,66.22333333333333,66.0988888888889
61065060bc55a8b70bc64d05,3,0.5,65.81,66.02666666666667
61065060bc55a8b70bc64d05,4,0.5,66.10333333333334,66.042
61065060bc55a8b70bc64d05,5,0.5,66.30333333333334,66.08555555555556
61065060bc55a8b70bc64d05,6,0.5,66.17,66.09761904761905
61065060bc55a8b70bc64d05,7,0.5,66.22,66.11291666666666
61065060bc55a8b70bc64d05,8,0.5,66.21000000000001,66.12370370370371
61065060bc55a8b70bc64d05,9,0.5,66.07,66.11833333333334
61065060bc55a8b70bc64d05,10,0.5,65.97,66.10484848484849
61065060bc55a8b70bc64d05,11,0.5,66.10666666666667,66.105
61065060bc55a8b70bc64d05,12,0.5,66.24666666666667,66.11589743589744
61065060bc55a8b70bc64d05,13,0.5,66.06666666666666,66.11238095238096
61065060bc55a8b70bc64d05,14,0.5,65.98,66.10355555555556
61065060bc55a8b70bc64d05,15,0.5,65.5,66.06583333333333
61065060bc55a8b70bc64d05,16,0.5,65.83666666666666,66.05235294117648
61065060bc55a8b70bc64d05,17,0.5,66.02666666666667,66.05092592592592
61065060bc55a8b70bc64d05,18,0.5,65.78666666666668,66.03701754385965
61065060bc55a8b70bc64d05,19,0.5,65.94666666666666,66.0325
61065060bc55a8b70bc64d05,20,0.5,66.01333333333334,66.03158730158731
61065060bc55a8b70bc64d05,21,0.5,65.79333333333334,66.02075757575757
61065060bc55a8b70bc64d05,22,0.5,66.20666666666666,66.02884057971015
61065060bc55a8b70bc64d05,23,0.5,65.72,66.01597222222223
61065060bc55a8b70bc64d05,24,0.5,65.84,66.00893333333333
61065060bc55a8b70bc64d05,25,0.5,65.81,66.00128205128205
61065060bc55a8b70bc64d05,26,0.5,65.58333333333334,65.9858024691358
61065060bc55a8b70bc64d05,27,0.5,65.89,65.98238095238095
61065060bc55a8b70bc64d05,28,0.5,65.81,65.9764367816092
61065060bc55a8b70bc64d05,29,0.5,65.70666666666666,65.96744444444444
61065060bc55a8b70bc64d05,30,0.5,65.7,65.95881720430107
61065060bc55a8b70bc64d05,31,0.5,65.95333333333333,65.95864583333334
61065060bc55a8b70bc64d05,32,0.5,65.84,65.95505050505051
61065060bc55a8b70bc64d05,33,0.5,65.94333333333333,65.95470588235294
61065060bc55a8b70bc64d05,34,0.5,65.56,65.94342857142857
61065060bc55a8b70bc64d05,35,0.5,65.23666666666666,65.9237962962963
61065060bc55a8b70bc64d05,36,0.5,65.64666666666666,65.9163063063063
61065060bc55a8b70bc64d05,37,0.5,65.53666666666666,65.90631578947368
61065060bc55a8b70bc64d05,38,0.5,65.50333333333333,65.8959829059829
61065060bc55a8b70bc64d05,39,0.5,65.66333333333333,65.89016666666666
61065060bc55a8b70bc64d05,40,0.5,65.56333333333333,65.88219512195123
61065060bc55a8b70bc64d05,41,0.5,65.45,65.87190476190476
61065060bc55a8b70bc64d05,42,0.5,65.76333333333334,65.86937984496124
61065060bc55a8b70bc64d05,43,0.5,65.84,65.86871212121213
61065060bc55a8b70bc64d05,44,0.5,65.61666666666667,65.86311111111111
61065060bc55a8b70bc64d05,45,0.5,65.27,65.85021739130435
61065060bc55a8b70bc64d05,46,0.5,65.59333333333333,65.84475177304965
61065060bc55a8b70bc64d05,47,0.5,65.53666666666666,65.83833333333334
61065060bc55a8b70bc64d05,48,0.5,65.45666666666666,65.83054421768708
61065060bc55a8b70bc64d05,49,0.5,65.55,65.82493333333333
61065060bc55a8b70bc64d05,50,0.5,65.43333333333334,65.81725490196078
5e465ab4c07877130185c306,0,0.5,66.07333333333332,66.07333333333332
5e465ab4c07877130185c306,1,0.5,66.17,66.12166666666667
5e465ab4c07877130185c306,2,0.5,66.21333333333334,66.15222222222222
5e465ab4c07877130185c306,3,0.5,66.45666666666666,66.22833333333332
5e465ab4c07877130185c306,4,0.5,66.54666666666667,66.292
5e465ab4c07877130185c306,5,0.5,66.12666666666667,66.26444444444444
5e465ab4c07877130185c306,6,0.5,65.94333333333333,66.21857142857142
5e465ab4c07877130185c306,7,0.5,65.94666666666666,66.18458333333334
5e465ab4c07877130185c306,8,0.5,66.0,66.16407407407408
5e465ab4c07877130185c306,9,0.5,66.16,66.16366666666667
5e465ab4c07877130185c306,10,0.5,66.22666666666667,66.16939393939394
5e465ab4c07877130185c306,11,0.5,66.28,66.17861111111111
5e465ab4c07877130185c306,12,0.5,66.44333333333333,66.19897435897435
5e465ab4c07877130185c306,13,0.5,65.86333333333333,66.175
5e465ab4c07877130185c306,14,0.5,65.79333333333334,66.14955555555555
5e465ab4c07877130185c306,15,0.5,65.95,66.13708333333334
5e465ab4c07877130185c306,16,0.5,65.87333333333333,66.12156862745098
5e465ab4c07877130185c306,17,0.5,65.84333333333333,66.10611111111112
5e465ab4c07877130185c306,18,0.5,65.83333333333333,66.09175438596492
5e465ab4c07877130185c306,19,0.5,65.68333333333334,66.07133333333334
5e465ab4c07877130185c306,20,0.5,66.23333333333333,66.07904761904763
5e465ab4c07877130185c306,21,0.5,65.91666666666667,66.07166666666666
5e465ab4c07877130185c306,22,0.5,66.00333333333333,66.06869565217391
5e465ab4c07877130185c306,23,0.5,66.01,66.06625
5e465ab4c07877130185c306,24,0.5,66.18333333333334,66.07093333333333
5e465ab4c07877130185c306,25,0.5,66.35333333333332,66.08179487179487
5e465ab4c07877130185c306,26,0.5,66.22,66.08691358024691
5e465ab4c07877130185c306,27,0.5,66.25,66.09273809523809
5e465ab4c07877130185c306,28,0.5,66.39,66.10298850574712
61138add299713969a18677d,0,0.5,65.88666666666667,65.88666666666667
61138add299713969a18677d,1,0.5,66.30333333333334,66.095
61138add299713969a18677d,2,0.5,66.23,66.14
61138add299713969a18677d,3,0.5,66.11333333333333,66.13333333333334
61138add299713969a18677d,4,0.5,66.11333333333333,66.12933333333334
61138add299713969a18677d,5,0.5,65.87333333333333,66.08666666666666
61138add299713969a18677d,6,0.5,66.33333333333333,66.12190476190476
61138add299713969a18677d,7,0.5,66.22666666666667,66.135
61138add299713969a18677d,8,0.5,66.14,66.13555555555556
61138add299713969a18677d,9,0.5,66.07,66.12899999999999
61138add299713969a18677d,10,0.5,66.15666666666667,66.13151515151516
61138add299713969a18677d,11,0.5,65.98666666666666,66.11944444444445
61138add299713969a18677d,12,0.5,65.87333333333333,66.10051282051282
61138add299713969a18677d,13,0.5,65.92,66.08761904761904
61138add299713969a18677d,14,0.5,66.19333333333334,66.09466666666667
61138add299713969a18677d,15,0.5,65.79333333333334,66.07583333333334
61138add299713969a18677d,16,0.5,66.10333333333334,66.07745098039216
61138add299713969a18677d,17,0.5,65.80666666666667,66.06240740740742
61138add299713969a18677d,18,0.5,66.06,66.06228070175439
61138add299713969a18677d,19,0.5,65.56,66.03716666666666
61138add299713969a18677d,20,0.5,65.9,66.03063492063492
61138add299713969a18677d,21,0.5,65.61,66.01151515151516
61138add299713969a18677d,22,0.5,65.50666666666667,65.9895652173913
61138add299713969a18677d,23,0.5,65.79666666666667,65.98152777777777
608aa72c95a49d6f70deb05e,0,0.5,66.26333333333334,66.26333333333334
608aa72c95a49d6f70deb05e,1,0.5,65.81,66.03666666666666
608aa72c95a49d6f70deb05e,2,0.5,66.22333333333333,66.0988888888889
608aa72c95a49d6f70deb05e,3,0.5,66.44666666666666,66.18583333333333
608aa72c95a49d6f70deb05e,4,0.5,66.02666666666667,66.154
608aa72c95a49d6f70deb05e,5,0.5,66.32000000000001,66.18166666666667
608aa72c95a49d6f70deb05e,6,0.5,66.10000000000001,66.17
608aa72c95a49d6f70deb05e,7,0.5,66.27,66.1825
608aa72c95a49d6f70deb05e,8,0.5,66.36,66.20222222222223
608aa18a3c2dfd212a1a77a9,0,0.5,65.88666666666667,65.88666666666667
608aa18a3c2dfd212a1a77a9,1,0.5,66.11666666666667,66.00166666666667
608aa18a3c2dfd212a1a77a9,2,0.5,66.19,66.06444444444445
608aa18a3c2dfd212a1a77a9,3,0.5,65.81333333333333,66.00166666666667
608aa18a3c2dfd212a1a77a9,4,0.5,66.06,66.01333333333334
608aa18a3c2dfd212a1a77a9,5,0.5,66.18666666666667,66.04222222222222
608aa18a3c2dfd212a1a77a9,6,0.5,65.99666666666667,66.03571428571429
608aa18a3c2dfd212a1a77a9,7,0.5,66.31666666666666,66.07083333333334
608aa18a3c2dfd212a1a77a9,8,0.5,65.88666666666667,66.05037037037037
608aa18a3c2dfd212a1a77a9,9,0.5,65.79333333333334,66.02466666666666
608aa18a3c2dfd212a1a77a9,10,0.5,66.13666666666667,66.03484848484848
608aa18a3c2dfd212a1a77a9,11,0.5,66.21000000000001,66.04944444444445
608aa18a3c2dfd212a1a77a9,12,0.5,66.36333333333333,66.07358974358975
608aa18a3c2dfd212a1a77a9,13,0.5,65.93,66.06333333333333
608aa18a3c2dfd212a1a77a9,14,0.5,65.82333333333334,66.04733333333334
608aa18a3c2dfd212a1a77a9,15,0.5,65.82333333333334,66.03333333333333
608aa18a3c2dfd212a1a77a9,16,0.5,65.69,66.01313725490196
608aa18a3c2dfd212a1a77a9,17,0.5,66.01,66.01296296296296
608aa18a3c2dfd212a1a77a9,18,0.5,65.75,65.99912280701754
608aa18a3c2dfd212a1a77a9,19,0.5,65.83333333333333,65.99083333333333
608aa18a3c2dfd212a1a77a9,20,0.5,65.94,65.9884126984127
608aa18a3c2dfd212a1a77a9,21,0.5,65.72,65.97621212121213
608aa18a3c2dfd212a1a77a9,22,0.5,65.83333333333333,65.97
608aa18a3c2dfd212a1a77a9,23,0.5,65.85666666666667,65.96527777777779
608aa18a3c2dfd212a1a77a9,24,0.5,66.08666666666667,65.97013333333334
608aa18a3c2dfd212a1a77a9,25,0.5,65.89666666666668,65.9673076923077
608aa18a3c2dfd212a1a77a9,26,0.5,65.93,65.96592592592593
608aa18a3c2dfd212a1a77a9,27,0.5,65.68,65.95571428571428
608aa18a3c2dfd212a1a77a9,28,0.5,65.59666666666666,65.94333333333334
608aa18a3c2dfd212a1a77a9,29,0.5,65.78,65.93788888888889
608aa18a3c2dfd212a1a77a9,30,0.5,65.67,65.92924731182796
608aa18a3c2dfd212a1a77a9,31,0.5,65.46333333333332,65.9146875
608aa18a3c2dfd212a1a77a9,32,0.5,65.70333333333333,65.90828282828284
608aa18a3c2dfd212a1a77a9,33,0.5,65.62,65.89980392156862
608aa18a3c2dfd212a1a77a9,34,0.5,65.59666666666666,65.89114285714285
608aa18a3c2dfd212a1a77a9,35,0.5,65.94,65.8925
608aa18a3c2dfd212a1a77a9,36,0.5,65.84666666666666,65.89126126126126
608aa18a3c2dfd212a1a77a9,37,0.5,65.57,65.88280701754385
608aa18a3c2dfd212a1a77a9,38,0.5,65.62,65.87606837606837
608aa18a3c2dfd212a1a77a9,39,0.5,65.84333333333333,65.87525000000001
608aa18a3c2dfd212a1a77a9,40,0.5,65.40666666666667,65.86382113821138
608aa18a3c2dfd212a1a77a9,41,0.5,65.47666666666667,65.85460317460317
608aa18a3c2dfd212a1a77a9,42,0.5,65.69666666666667,65.85093023255814
608aa18a3c2dfd212a1a77a9,43,0.5,65.70666666666666,65.84765151515151
5f02fbee212873485f6ce5b8,0,0.5,66.07333333333332,66.07333333333332
5eee30178ad8d20a8354fbac,0,0.5,65.88333333333334,65.88333333333334
5eee30178ad8d20a8354fbac,1,0.5,66.11666666666667,66.0
5eee30178ad8d20a8354fbac,2,0.5,65.97666666666666,65.99222222222222
5eee30178ad8d20a8354fbac,3,0.5,66.08000000000001,66.01416666666667
5eee30178ad8d20a8354fbac,4,0.5,65.61333333333333,65.934
5eee30178ad8d20a8354fbac,5,0.5,65.84,65.91833333333334
5eee30178ad8d20a8354fbac,6,0.5,65.64999999999999,65.88000000000001
5eee30178ad8d20a8354fbac,7,0.5,66.03999999999999,65.9
5eee30178ad8d20a8354fbac,8,0.5,66.14,65.92666666666668
5eee30178ad8d20a8354fbac,9,0.5,65.8,65.914
5eee30178ad8d20a8354fbac,10,0.5,65.83333333333333,65.90666666666667
61528e4039817788730f3263,0,0.5,66.07,66.07
61528e4039817788730f3263,1,0.5,65.91666666666667,65.99333333333334
61528e4039817788730f3263,2,0.5,66.12666666666667,66.03777777777778
61528e4039817788730f3263,3,0.5,66.08000000000001,66.04833333333333
61528e4039817788730f3263,4,0.5,66.18,66.07466666666667
61528e4039817788730f3263,5,0.5,65.87333333333333,66.0411111111111
61528e4039817788730f3263,6,0.5,66.07666666666667,66.04619047619049
61528e4039817788730f3263,7,0.5,65.90666666666667,66.02875
61528e4039817788730f3263,8,0.5,66.02333333333334,66.02814814814815
61528e4039817788730f3263,9,0.5,66.30333333333334,66.05566666666667
61528e4039817788730f3263,10,0.5,66.45333333333333,66.09181818181818
61528e4039817788730f3263,11,0.5,65.98,66.0825
61528e4039817788730f3263,12,0.5,66.08666666666667,66.08282051282052
61528e4039817788730f3263,13,0.5,65.79333333333334,66.06214285714286
61528e4039817788730f3263,14,0.5,65.65666666666667,66.03511111111112
61528e4039817788730f3263,15,0.5,65.88666666666667,66.02583333333334
61528e4039817788730f3263,16,0.5,65.61,66.0013725490196
60fbdc84b5cf124b05ece11b,0,0.5,65.98,65.98
60fbdc84b5cf124b05ece11b,1,0.5,66.01,65.995
60fbdc84b5cf124b05ece11b,2,0.5,66.35666666666667,66.11555555555556
60fbdc84b5cf124b05ece11b,3,0.5,66.05,66.09916666666666
60fbdc84b5cf124b05ece11b,4,0.5,66.12,66.10333333333332
60fbdc84b5cf124b05ece11b,5,0.5,66.17666666666666,66.11555555555556
60fbdc84b5cf124b05ece11b,6,0.5,65.92,66.08761904761904
60fbdc84b5cf124b05ece11b,7,0.5,65.85666666666667,66.05875
60fbdc84b5cf124b05ece11b,8,0.5,66.11,66.06444444444445
60fbdc84b5cf124b05ece11b,9,0.5,66.12666666666667,66.07066666666667
60fbdc84b5cf124b05ece11b,10,0.5,66.25,66.0869696969697
60fbdc84b5cf124b05ece11b,11,0.5,66.05333333333333,66.08416666666666
60fbdc84b5cf124b05ece11b,12,0.5,66.09333333333333,66.0848717948718
60fbdc84b5cf124b05ece11b,13,0.5,66.26333333333334,66.09761904761905
60fbdc84b5cf124b05ece11b,14,0.5,66.12333333333333,66.09933333333333
60fbdc84b5cf124b05ece11b,15,0.5,66.51,66.125
60fbdc84b5cf124b05ece11b,16,0.5,66.04333333333334,66.12019607843138
60fbdc84b5cf124b05ece11b,17,0.5,66.02,66.11462962962963
60fbdc84b5cf124b05ece11b,18,0.5,65.76666666666667,66.09631578947368
60fbdc84b5cf124b05ece11b,19,0.5,66.07666666666667,66.09533333333334
60fbdc84b5cf124b05ece11b,20,0.5,65.97,66.08936507936508
60fbdc84b5cf124b05ece11b,21,0.5,65.79,66.07575757575758
60fbdc84b5cf124b05ece11b,22,0.5,65.7,66.05942028985508
60fbdc84b5cf124b05ece11b,23,0.5,65.82666666666667,66.04972222222223
60fbdc84b5cf124b05ece11b,24,0.5,65.85333333333332,66.04186666666666
60fbdc84b5cf124b05ece11b,25,0.5,66.0,66.0402564102564
60fbdc84b5cf124b05ece11b,26,0.5,65.86333333333333,66.03370370370371
60fbdc84b5cf124b05ece11b,27,0.5,65.69666666666667,66.02166666666666
60fbdc84b5cf124b05ece11b,28,0.5,65.95333333333333,66.01931034482759
60fbdc84b5cf124b05ece11b,29,0.5,65.81,66.01233333333333
5ebed23204aa470f9e1299bb,0,0.5,66.07333333333332,66.07333333333332
5ebed23204aa470f9e1299bb,1,0.5,65.81,65.94166666666666
5ebed23204aa470f9e1299bb,2,0.5,66.12,66.00111111111111
5ebed23204aa470f9e1299bb,3,0.5,65.98333333333333,65.99666666666667
5ebed23204aa470f9e1299bb,4,0.5,66.01666666666667,66.00066666666666
5ebed23204aa470f9e1299bb,5,0.5,65.80666666666667,65.96833333333333
5ebed23204aa470f9e1299bb,6,0.5,65.95666666666666,65.96666666666667
5ebed23204aa470f9e1299bb,7,0.5,65.92,65.96083333333334
5ebed23204aa470f9e1299bb,8,0.5,66.20666666666666,65.98814814814814
5ebed23204aa470f9e1299bb,9,0.5,65.72666666666666,65.962
5ebed23204aa470f9e1299bb,10,0.5,65.82333333333334,65.94939393939394
5ebed23204aa470f9e1299bb,11,0.5,65.87666666666667,65.94333333333333
5ebed23204aa470f9e1299bb,12,0.5,65.81333333333333,65.93333333333334
5ebed23204aa470f9e1299bb,13,0.5,65.75999999999999,65.92095238095239
5ebed23204aa470f9e1299bb,14,0.5,65.62333333333333,65.9011111111111
5ebed23204aa470f9e1299bb,15,0.5,65.47666666666667,65.87458333333333
5ebed23204aa470f9e1299bb,16,0.5,65.72,65.86549019607844
5ebed23204aa470f9e1299bb,17,0.5,65.62666666666667,65.85222222222222
5ebed23204aa470f9e1299bb,18,0.5,65.75999999999999,65.84736842105262
5ebed23204aa470f9e1299bb,19,0.5,65.52666666666667,65.83133333333333
5ebed23204aa470f9e1299bb,20,0.5,65.29666666666667,65.80587301587302
5ebed23204aa470f9e1299bb,21,0.5,65.62666666666667,65.79772727272727
5ebed23204aa470f9e1299bb,22,0.5,65.14,65.76913043478261
5ebed23204aa470f9e1299bb,23,0.5,65.72,65.76708333333333
5ebed23204aa470f9e1299bb,24,0.5,65.39333333333333,65.75213333333333
5ebed23204aa470f9e1299bb,25,0.5,65.45,65.74051282051282
5ebed23204aa470f9e1299bb,26,0.5,65.62666666666667,65.73629629629629
5ebed23204aa470f9e1299bb,27,0.5,65.63333333333333,65.73261904761905
5ebed23204aa470f9e1299bb,28,0.5,65.83666666666666,65.73620689655172
613a98d6fcbac0ce210ec3e6,0,0.5,65.88666666666667,65.88666666666667
613a98d6fcbac0ce210ec3e6,1,0.5,66.30333333333334,66.095
613a98d6fcbac0ce210ec3e6,2,0.5,66.23,66.14
613a98d6fcbac0ce210ec3e6,3,0.5,66.33666666666667,66.18916666666667
613a98d6fcbac0ce210ec3e6,4,0.5,66.13333333333333,66.178
613a98d6fcbac0ce210ec3e6,5,0.5,66.12666666666667,66.16944444444444
613a98d6fcbac0ce210ec3e6,6,0.5,66.00333333333333,66.14571428571428
613a98d6fcbac0ce210ec3e6,7,0.5,66.26666666666667,66.16083333333333
613a98d6fcbac0ce210ec3e6,8,0.5,66.30333333333334,66.17666666666668
613a98d6fcbac0ce210ec3e6,9,0.5,66.18666666666667,66.17766666666667
613a98d6fcbac0ce210ec3e6,10,0.5,66.42666666666666,66.20030303030303
613a98d6fcbac0ce210ec3e6,11,0.5,66.11,66.19277777777778
613a98d6fcbac0ce210ec3e6,12,0.5,65.98333333333333,66.17666666666666
613a98d6fcbac0ce210ec3e6,13,0.5,66.01666666666667,66.1652380952381
613a98d6fcbac0ce210ec3e6,14,0.5,66.09666666666666,66.16066666666667
613a98d6fcbac0ce210ec3e6,15,0.5,66.02666666666667,66.15229166666667
613a98d6fcbac0ce210ec3e6,16,0.5,65.9,66.13745098039215
613a98d6fcbac0ce210ec3e6,17,0.5,66.11333333333333,66.13611111111112
613a98d6fcbac0ce210ec3e6,18,0.5,65.86,66.12157894736842
613a98d6fcbac0ce210ec3e6,19,0.5,65.93,66.112
613a98d6fcbac0ce210ec3e6,20,0.5,66.09333333333333,66.11111111111111
613a98d6fcbac0ce210ec3e6,21,0.5,66.03999999999999,66.10787878787879
613a98d6fcbac0ce210ec3e6,22,0.5,66.00333333333333,66.10333333333334
613a98d6fcbac0ce210ec3e6,23,0.5,65.96666666666667,66.09763888888888
613a98d6fcbac0ce210ec3e6,24,0.5,65.85666666666667,66.08800000000001
613a98d6fcbac0ce210ec3e6,25,0.5,65.61,66.06961538461539
613a98d6fcbac0ce210ec3e6,26,0.5,65.89333333333333,66.06308641975309
613a98d6fcbac0ce210ec3e6,27,0.5,65.77333333333333,66.0527380952381
613a98d6fcbac0ce210ec3e6,28,0.5,65.80333333333334,66.04413793103448
613a98d6fcbac0ce210ec3e6,29,0.5,65.53666666666666,66.02722222222222
613a98d6fcbac0ce210ec3e6,30,0.5,65.93,66.02408602150538
613a98d6fcbac0ce210ec3e6,31,0.5,65.52666666666667,66.00854166666667
613a98d6fcbac0ce210ec3e6,32,0.5,65.47666666666667,65.99242424242425
613a98d6fcbac0ce210ec3e6,33,0.5,65.74666666666667,65.98519607843139
613a98d6fcbac0ce210ec3e6,34,0.5,65.31333333333333,65.966
613a98d6fcbac0ce210ec3e6,35,0.5,66.00333333333333,65.96703703703704
613a98d6fcbac0ce210ec3e6,36,0.5,65.8,65.96252252252252
613a98d6fcbac0ce210ec3e6,37,0.5,65.78333333333333,65.95780701754386
613a98d6fcbac0ce210ec3e6,38,0.5,65.57,65.94786324786325
613a98d6fcbac0ce210ec3e6,39,0.5,65.72666666666666,65.94233333333332
613a98d6fcbac0ce210ec3e6,40,0.5,65.47,65.93081300813009
613a98d6fcbac0ce210ec3e6,41,0.5,65.88333333333334,65.92968253968255
613a98d6fcbac0ce210ec3e6,42,0.5,65.80666666666667,65.92682170542636
613a98d6fcbac0ce210ec3e6,43,0.5,65.7,65.92166666666667
613a98d6fcbac0ce210ec3e6,44,0.5,65.58,65.91407407407407
613a98d6fcbac0ce210ec3e6,45,0.5,65.9,65.91376811594203
613a98d6fcbac0ce210ec3e6,46,0.5,65.57,65.90645390070922
613a98d6fcbac0ce210ec3e6,47,0.5,65.81666666666666,65.90458333333333
613a98d6fcbac0ce210ec3e6,48,0.5,65.89,65.90428571428572
613a98d6fcbac0ce210ec3e6,49,0.5,65.59,65.898
613a98d6fcbac0ce210ec3e6,50,0.5,65.52333333333334,65.89065359477124
613a98d6fcbac0ce210ec3e6,51,0.5,65.63333333333333,65.88570512820513
613a98d6fcbac0ce210ec3e6,52,0.5,65.53666666666666,65.87911949685534
613a98d6fcbac0ce210ec3e6,53,0.5,65.49333333333334,65.87197530864198
613a98d6fcbac0ce210ec3e6,54,0.5,65.72666666666666,65.86933333333333
613a98d6fcbac0ce210ec3e6,55,0.5,65.59666666666666,65.86446428571428
613a98d6fcbac0ce210ec3e6,56,0.5,65.79333333333334,65.863216374269
613a98d6fcbac0ce210ec3e6,57,0.5,65.8,65.86212643678161
61320a26c3013321c8d54600,0,0.5,66.26333333333334,66.26333333333334
61320a26c3013321c8d54600,1,0.5,66.14,66.20166666666667
61320a26c3013321c8d54600,2,0.5,66.61,66.33777777777777
61320a26c3013321c8d54600,3,0.5,66.18333333333334,66.29916666666666
61320a26c3013321c8d54600,4,0.5,65.89,66.21733333333334
61320a26c3013321c8d54600,5,0.5,66.35,66.23944444444444
61320a26c3013321c8d54600,6,0.5,66.23333333333333,66.23857142857143
61320a26c3013321c8d54600,7,0.5,66.02666666666667,66.21208333333334
61320a26c3013321c8d54600,8,0.5,66.21000000000001,66.21185185185185
61320a26c3013321c8d54600,9,0.5,66.00333333333333,66.191
6033acf84fec17043ffef374,0,0.5,66.23666666666666,66.23666666666666
6033acf84fec17043ffef374,1,0.5,66.28666666666668,66.26166666666667
6033acf84fec17043ffef374,2,0.5,66.22,66.24777777777778
6033acf84fec17043ffef374,3,0.5,66.12,66.21583333333334
6033acf84fec17043ffef374,4,0.5,66.16,66.20466666666667
6033acf84fec17043ffef374,5,0.5,66.22333333333333,66.20777777777778
6033acf84fec17043ffef374,6,0.5,66.04666666666667,66.18476190476191
6033acf84fec17043ffef374,7,0.5,66.09,66.17291666666667
6033acf84fec17043ffef374,8,0.5,66.05666666666666,66.16000000000001
6033acf84fec17043ffef374,9,0.5,65.99000000000001,66.143
6033acf84fec17043ffef374,10,0.5,66.02333333333334,66.13212121212122
6033acf84fec17043ffef374,11,0.5,66.18666666666667,66.13666666666667
6033acf84fec17043ffef374,12,0.5,65.97,66.12384615384616
6033acf84fec17043ffef374,13,0.5,65.60333333333334,66.08666666666667
6033acf84fec17043ffef374,14,0.5,66.09333333333333,66.08711111111111
6033acf84fec17043ffef374,15,0.5,66.14333333333333,66.090625
6033acf84fec17043ffef374,16,0.5,65.98333333333333,66.0843137254902
6033acf84fec17043ffef374,17,0.5,66.28333333333333,66.09537037037038
6033acf84fec17043ffef374,18,0.5,65.93,66.08666666666667
6033acf84fec17043ffef374,19,0.5,65.84666666666666,66.07466666666667
6033acf84fec17043ffef374,20,0.5,66.14666666666666,66.07809523809524
6033acf84fec17043ffef374,21,0.5,66.11666666666667,66.07984848484848
6033acf84fec17043ffef374,22,0.5,65.84,66.06942028985507
6033acf84fec17043ffef374,23,0.5,65.84666666666666,66.06013888888889
6033acf84fec17043ffef374,24,0.5,65.64333333333333,66.04346666666666
6033acf84fec17043ffef374,25,0.5,65.85333333333332,66.03615384615385
6033acf84fec17043ffef374,26,0.5,65.85333333333332,66.02938271604938
6033acf84fec17043ffef374,27,0.5,65.45,66.00869047619048
6033acf84fec17043ffef374,28,0.5,65.98666666666666,66.00793103448277
6033acf84fec17043ffef374,29,0.5,65.84666666666666,66.00255555555556
6033acf84fec17043ffef374,30,0.5,65.83666666666666,65.99720430107527
6033acf84fec17043ffef374,31,0.5,65.91,65.99447916666666
6033acf84fec17043ffef374,32,0.5,65.90666666666667,65.99181818181819
6033acf84fec17043ffef374,33,0.5,65.92666666666666,65.98990196078432
6033acf84fec17043ffef374,34,0.5,65.64999999999999,65.98019047619049
6033acf84fec17043ffef374,35,0.5,65.37666666666667,65.96342592592593
6033acf84fec17043ffef374,36,0.5,65.68333333333334,65.95585585585586
6033acf84fec17043ffef374,37,0.5,65.94666666666666,65.95561403508772
6033acf84fec17043ffef374,38,0.5,66.08666666666667,65.95897435897436
6033acf84fec17043ffef374,39,0.5,65.54333333333334,65.94858333333333
6033acf84fec17043ffef374,40,0.5,65.95333333333333,65.94869918699186
6033acf84fec17043ffef374,41,0.5,65.70666666666666,65.94293650793651
6033acf84fec17043ffef374,42,0.5,65.70333333333333,65.93736434108527
6033acf84fec17043ffef374,43,0.5,65.67,65.93128787878787
6033acf84fec17043ffef374,44,0.5,66.05333333333333,65.934
6033acf84fec17043ffef374,45,0.5,65.42333333333333,65.92289855072464
6033acf84fec17043ffef374,46,0.5,65.97333333333333,65.92397163120567
6033acf84fec17043ffef374,47,0.5,65.62666666666667,65.91777777777777
6033acf84fec17043ffef374,48,0.5,65.63333333333333,65.91197278911564
6033acf84fec17043ffef374,49,0.5,65.56666666666666,65.90506666666666
6033acf84fec17043ffef374,50,0.5,65.59333333333333,65.89895424836601
6033acf84fec17043ffef374,51,0.5,65.63333333333333,65.89384615384616
6033acf84fec17043ffef374,52,0.5,65.69333333333334,65.89006289308176
6033acf84fec17043ffef374,53,0.5,65.93,65.8908024691358
6033acf84fec17043ffef374,54,0.5,65.52333333333334,65.88412121212122
6033acf84fec17043ffef374,55,0.5,65.94666666666666,65.8852380952381
6033acf84fec17043ffef374,56,0.5,65.36666666666666,65.8761403508772
6033acf84fec17043ffef374,57,0.5,65.48,65.86931034482758
6033acf84fec17043ffef374,58,0.5,65.59666666666666,65.86468926553673
6033acf84fec17043ffef374,59,0.5,65.75999999999999,65.86294444444444
6033acf84fec17043ffef374,60,0.5,65.71333333333334,65.86049180327869
6033acf84fec17043ffef374,61,0.5,65.34666666666666,65.85220430107526
6033acf84fec17043ffef374,62,0.5,65.35333333333332,65.8442857142857
6033acf84fec17043ffef374,63,0.5,65.41333333333334,65.83755208333334
6033acf84fec17043ffef374,64,0.5,65.17333333333333,65.82733333333333
6033acf84fec17043ffef374,65,0.5,65.37666666666667,65.82050505050506
6033acf84fec17043ffef374,66,0.5,65.13666666666667,65.81029850746269
6033acf84fec17043ffef374,67,0.5,64.99333333333334,65.79828431372549
6033acf84fec17043ffef374,68,0.5,65.29,65.79091787439614
6033acf84fec17043ffef374,69,0.5,65.14999999999999,65.78176190476191
6033acf84fec17043ffef374,70,0.5,64.78666666666668,65.76774647887325
6033acf84fec17043ffef374,71,0.5,65.33666666666666,65.76175925925925
6033acf84fec17043ffef374,72,0.5,64.94333333333333,65.75054794520548
6033acf84fec17043ffef374,73,0.5,65.12,65.74202702702702
6033acf84fec17043ffef374,74,0.5,65.28,65.73586666666667
6033acf84fec17043ffef374,75,0.5,65.16999999999999,65.72842105263157
608ac15b0fd53965a32e5384,0,0.5,66.02333333333334,66.02333333333334
608ac15b0fd53965a32e5384,1,0.5,66.23,66.12666666666667
608ac15b0fd53965a32e5384,2,0.5,66.11666666666667,66.12333333333333
608ac15b0fd53965a32e5384,3,0.5,66.12,66.1225
608ac15b0fd53965a32e5384,4,0.5,65.97,66.09200000000001
608ac15b0fd53965a32e5384,5,0.5,66.09333333333333,66.09222222222222
608ac15b0fd53965a32e5384,6,0.5,65.85666666666667,66.05857142857143
608ac15b0fd53965a32e5384,7,0.5,65.67,66.01
608ac15b0fd53965a32e5384,8,0.5,66.07666666666667,66.01740740740742
608ac15b0fd53965a32e5384,9,0.5,65.67,65.98266666666667
608ac15b0fd53965a32e5384,10,0.5,65.75333333333333,65.96181818181819
608ac15b0fd53965a32e5384,11,0.5,65.87666666666667,65.95472222222223
608ac15b0fd53965a32e5384,12,0.5,65.60000000000001,65.9274358974359
616db113a87ceedca7fbf94a,0,0.5,66.26333333333334,66.26333333333334
616db113a87ceedca7fbf94a,1,0.5,65.81,66.03666666666666
616db113a87ceedca7fbf94a,2,0.5,66.22333333333333,66.0988888888889
616db113a87ceedca7fbf94a,3,0.5,65.97666666666666,66.06833333333333
616db113a87ceedca7fbf94a,4,0.5,66.28333333333333,66.11133333333333
616db113a87ceedca7fbf94a,5,0.5,66.05333333333333,66.10166666666667
616db113a87ceedca7fbf94a,6,0.5,66.22,66.11857142857143
616db113a87ceedca7fbf94a,7,0.5,66.29,66.14
616db113a87ceedca7fbf94a,8,0.5,66.02666666666667,66.1274074074074
616db113a87ceedca7fbf94a,9,0.5,66.09333333333333,66.124
616db113a87ceedca7fbf94a,10,0.5,66.33,66.14272727272727
616db113a87ceedca7fbf94a,11,0.5,66.09333333333333,66.1386111111111
616db113a87ceedca7fbf94a,12,0.5,66.17333333333333,66.14128205128205
616db113a87ceedca7fbf94a,13,0.5,66.24,66.14833333333333
6150ca3f37e1fe330f70311d,0,0.5,66.07333333333332,66.07333333333332
6150ca3f37e1fe330f70311d,1,0.5,65.81,65.94166666666666
6150ca3f37e1fe330f70311d,2,0.5,65.86333333333333,65.91555555555556
6150ca3f37e1fe330f70311d,3,0.5,66.03333333333333,65.945
6150ca3f37e1fe330f70311d,4,0.5,66.02666666666667,65.96133333333333
6150ca3f37e1fe330f70311d,5,0.5,65.94333333333333,65.95833333333333
6150ca3f37e1fe330f70311d,6,0.5,66.12666666666667,65.98238095238095
6150ca3f37e1fe330f70311d,7,0.5,66.14999999999999,66.00333333333333
6150ca3f37e1fe330f70311d,8,0.5,66.02666666666667,66.00592592592592
6150ca3f37e1fe330f70311d,9,0.5,66.39,66.04433333333333
6150ca3f37e1fe330f70311d,10,0.5,65.89333333333333,66.03060606060605
616093ab4117242c856402c6,0,0.5,66.00333333333333,66.00333333333333
616093ab4117242c856402c6,1,0.5,65.88000000000001,65.94166666666666
616093ab4117242c856402c6,2,0.5,65.99000000000001,65.95777777777778
616093ab4117242c856402c6,3,0.5,66.38666666666667,66.065
616093ab4117242c856402c6,4,0.5,66.0,66.05199999999999
616093ab4117242c856402c6,5,0.5,66.00333333333333,66.04388888888889
616093ab4117242c856402c6,6,0.5,65.96,66.03190476190477
59cbe23a916c4d0001094710,0,0.5,66.07333333333332,66.07333333333332
59cbe23a916c4d0001094710,1,0.5,66.28666666666668,66.18
59cbe23a916c4d0001094710,2,0.5,66.22,66.19333333333333
59cbe23a916c4d0001094710,3,0.5,66.23333333333333,66.20333333333333
59cbe23a916c4d0001094710,4,0.5,66.07666666666667,66.178
59cbe23a916c4d0001094710,5,0.5,66.04333333333334,66.15555555555555
59cbe23a916c4d0001094710,6,0.5,66.11666666666667,66.15
59cbe23a916c4d0001094710,7,0.5,66.36,66.17625
59cbe23a916c4d0001094710,8,0.5,65.92666666666666,66.14851851851853
59cbe23a916c4d0001094710,9,0.5,65.93,66.12666666666667
59cbe23a916c4d0001094710,10,0.5,65.75,66.09242424242424
59cbe23a916c4d0001094710,11,0.5,65.52,66.04472222222222
59cbe23a916c4d0001094710,12,0.5,65.83333333333333,66.02846153846154
59cbe23a916c4d0001094710,13,0.5,65.74666666666667,66.00833333333334
59cbe23a916c4d0001094710,14,0.5,66.07666666666667,66.0128888888889
59cbe23a916c4d0001094710,15,0.5,65.90333333333334,66.00604166666666
59cbe23a916c4d0001094710,16,0.5,65.49333333333334,65.97588235294117
59cbe23a916c4d0001094710,17,0.5,66.01666666666667,65.97814814814814
59cbe23a916c4d0001094710,18,0.5,65.63333333333333,65.96
59cbe23a916c4d0001094710,19,0.5,66.14333333333333,65.96916666666667
59cbe23a916c4d0001094710,20,0.5,65.76666666666667,65.95952380952382
59cbe23a916c4d0001094710,21,0.5,65.86666666666666,65.95530303030303
59cbe23a916c4d0001094710,22,0.5,65.98666666666666,65.95666666666666
59cbe23a916c4d0001094710,23,0.5,66.0,65.95847222222223
59cbe23a916c4d0001094710,24,0.5,65.46333333333332,65.93866666666666
59cbe23a916c4d0001094710,25,0.5,66.04333333333334,65.94269230769231
59cbe23a916c4d0001094710,26,0.5,65.7,65.9337037037037
59cbe23a916c4d0001094710,27,0.5,65.89666666666668,65.93238095238095
59cbe23a916c4d0001094710,28,0.5,65.69666666666667,65.92425287356322
59cbe23a916c4d0001094710,29,0.5,65.82000000000001,65.92077777777779
59cbe23a916c4d0001094710,30,0.5,65.79333333333334,65.91666666666667
59cbe23a916c4d0001094710,31,0.5,65.67333333333333,65.9090625
59cbe23a916c4d0001094710,32,0.5,65.69666666666667,65.90262626262627
59cbe23a916c4d0001094710,33,0.5,65.66,65.89549019607843
59cbe23a916c4d0001094710,34,0.5,65.74333333333333,65.89114285714285
59cbe23a916c4d0001094710,35,0.5,66.22,65.90027777777777
59cbe23a916c4d0001094710,36,0.5,65.85,65.89891891891892
59cbe23a916c4d0001094710,37,0.5,65.62333333333333,65.89166666666667
59cbe23a916c4d0001094710,38,0.5,66.34333333333333,65.90324786324786
59cbe23a916c4d0001094710,39,0.5,65.69666666666667,65.89808333333333
59cbe23a916c4d0001094710,40,0.5,65.90333333333334,65.89821138211383
59cbe23a916c4d0001094710,41,0.5,65.80666666666667,65.89603174603174
59cbe23a916c4d0001094710,42,0.5,65.83333333333333,65.89457364341085
59cbe23a916c4d0001094710,43,0.5,65.86999999999999,65.89401515151515
59cbe23a916c4d0001094710,44,0.5,65.63666666666667,65.8882962962963
59cbe23a916c4d0001094710,45,0.5,65.72333333333333,65.88471014492754
59cbe23a916c4d0001094710,46,0.5,65.82666666666667,65.88347517730497
59cbe23a916c4d0001094710,47,0.5,65.36,65.87256944444444
59cbe23a916c4d0001094710,48,0.5,65.72333333333333,65.86952380952381
59cbe23a916c4d0001094710,49,0.5,65.77,65.86753333333333
59cbe23a916c4d0001094710,50,0.5,65.41,65.85856209150327
59cbe23a916c4d0001094710,51,0.5,65.56666666666666,65.85294871794872
59cbe23a916c4d0001094710,52,0.5,65.61,65.84836477987422
59cbe23a916c4d0001094710,53,0.5,65.94333333333333,65.85012345679013
59cbe23a916c4d0001094710,54,0.5,65.68,65.84703030303031
59cbe23a916c4d0001094710,55,0.5,65.76333333333334,65.84553571428572
59cbe23a916c4d0001094710,56,0.5,65.68666666666667,65.8427485380117
59cbe23a916c4d0001094710,57,0.5,65.58666666666667,65.83833333333334
612288702a5316519e4e9602,0,0.5,66.07333333333332,66.07333333333332
612288702a5316519e4e9602,1,0.5,66.31666666666666,66.195
612288702a5316519e4e9602,2,0.5,66.36999999999999,66.25333333333333
612288702a5316519e4e9602,3,0.5,66.07666666666667,66.20916666666666
612288702a5316519e4e9602,4,0.5,66.46333333333332,66.25999999999999
612288702a5316519e4e9602,5,0.5,66.2,66.25
612288702a5316519e4e9602,6,0.5,66.2,66.24285714285715
612288702a5316519e4e9602,7,0.5,65.75666666666666,66.18208333333332
612288702a5316519e4e9602,8,0.5,66.07333333333332,66.17
612288702a5316519e4e9602,9,0.5,66.17333333333333,66.17033333333333
612288702a5316519e4e9602,10,0.5,66.07666666666667,66.16181818181818
612288702a5316519e4e9602,11,0.5,65.7,66.12333333333333
612288702a5316519e4e9602,12,0.5,65.93333333333334,66.10871794871795
612288702a5316519e4e9602,13,0.5,65.83333333333333,66.08904761904762
612288702a5316519e4e9602,14,0.5,65.86999999999999,66.07444444444444
6124d49e3031bec395675af2,0,0.5,66.07333333333332,66.07333333333332
6124d49e3031bec395675af2,1,0.5,65.81,65.94166666666666
6124d49e3031bec395675af2,2,0.5,65.86333333333333,65.91555555555556
6124d49e3031bec395675af2,3,0.5,65.96333333333332,65.9275
6124d49e3031bec395675af2,4,0.5,65.93666666666667,65.92933333333333
6124d49e3031bec395675af2,5,0.5,66.45666666666666,66.01722222222222
6124d49e3031bec395675af2,6,0.5,65.88666666666667,65.99857142857142
6124d49e3031bec395675af2,7,0.5,66.24333333333333,66.02916666666667
6124d49e3031bec395675af2,8,0.5,65.76333333333334,65.99962962962962
6124d49e3031bec395675af2,9,0.5,65.93,65.99266666666666
6124d49e3031bec395675af2,10,0.5,66.04666666666667,65.99757575757576
6124d49e3031bec395675af2,11,0.5,65.8,65.9811111111111
6124d49e3031bec395675af2,12,0.5,66.07333333333332,65.98820512820512
6124d49e3031bec395675af2,13,0.5,65.64,65.96333333333334
6124d49e3031bec395675af2,14,0.5,65.97666666666666,65.96422222222222
6124d49e3031bec395675af2,15,0.5,65.85666666666667,65.9575
6124d49e3031bec395675af2,16,0.5,66.12333333333333,65.96725490196079
6124d49e3031bec395675af2,17,0.5,65.94666666666666,65.9661111111111
6124d49e3031bec395675af2,18,0.5,65.67333333333333,65.95070175438596
6124d49e3031bec395675af2,19,0.5,65.69666666666667,65.938
6124d49e3031bec395675af2,20,0.5,65.83,65.93285714285715
6124d49e3031bec395675af2,21,0.5,65.81333333333333,65.92742424242424
6124d49e3031bec395675af2,22,0.5,65.55333333333333,65.91115942028986
6124d49e3031bec395675af2,23,0.5,65.89333333333333,65.91041666666666
6124d49e3031bec395675af2,24,0.5,66.02,65.9148
6124d49e3031bec395675af2,25,0.5,65.59333333333333,65.9024358974359
6124d49e3031bec395675af2,26,0.5,65.52666666666667,65.88851851851852
6124d49e3031bec395675af2,27,0.5,65.86999999999999,65.88785714285714
6124d49e3031bec395675af2,28,0.5,65.69,65.88103448275862
6124d49e3031bec395675af2,29,0.5,65.82000000000001,65.87899999999999
6124d49e3031bec395675af2,30,0.5,65.54666666666667,65.86827956989247
6124d49e3031bec395675af2,31,0.5,65.89,65.86895833333332
6124d49e3031bec395675af2,32,0.5,65.5,65.85777777777777
61516f157092b66018472a2f,0,0.5,65.88666666666667,65.88666666666667
61516f157092b66018472a2f,1,0.5,66.11666666666667,66.00166666666667
61516f157092b66018472a2f,2,0.5,66.19,66.06444444444445
61516f157092b66018472a2f,3,0.5,66.17333333333333,66.09166666666667
61516f157092b66018472a2f,4,0.5,66.25,66.12333333333333
61516f157092b66018472a2f,5,0.5,65.79,66.06777777777778
61516f157092b66018472a2f,6,0.5,65.93333333333334,66.04857142857144
61516f157092b66018472a2f,7,0.5,65.7,66.005
61516f157092b66018472a2f,8,0.5,66.18333333333334,66.02481481481482
61516f157092b66018472a2f,9,0.5,66.16,66.03833333333333
61516f157092b66018472a2f,10,0.5,65.98,66.0330303030303
61516f157092b66018472a2f,11,0.5,65.94666666666666,66.02583333333334
61516f157092b66018472a2f,12,0.5,66.18,66.03769230769231
61516f157092b66018472a2f,13,0.5,65.94666666666666,66.03119047619047
61516f157092b66018472a2f,14,0.5,65.83,66.01777777777778
61516f157092b66018472a2f,15,0.5,65.80666666666667,66.00458333333333
61516f157092b66018472a2f,16,0.5,65.73,65.98843137254902
61516f157092b66018472a2f,17,0.5,65.71000000000001,65.97296296296297
61516f157092b66018472a2f,18,0.5,66.02333333333334,65.97561403508772
61516f157092b66018472a2f,19,0.5,65.63333333333333,65.9585
61516f157092b66018472a2f,20,0.5,65.90666666666667,65.95603174603174
61516f157092b66018472a2f,21,0.5,66.05666666666666,65.96060606060607
61516f157092b66018472a2f,22,0.5,66.25666666666666,65.97347826086957
61516f157092b66018472a2f,23,0.5,65.82000000000001,65.96708333333333
61516f157092b66018472a2f,24,0.5,65.79666666666667,65.96026666666667
61516f157092b66018472a2f,25,0.5,65.69,65.9498717948718
61516f157092b66018472a2f,26,0.5,65.58333333333334,65.93629629629629
5f315855cb8aea6276244c19,0,0.5,65.90666666666667,65.90666666666667
5f315855cb8aea6276244c19,1,0.5,66.17333333333333,66.03999999999999
5f315855cb8aea6276244c19,2,0.5,66.57666666666667,66.21888888888888
5f315855cb8aea6276244c19,3,0.5,66.24333333333333,66.225
5f315855cb8aea6276244c19,4,0.5,66.11333333333333,66.20266666666666
5f315855cb8aea6276244c19,5,0.5,65.86333333333333,66.14611111111111
5f315855cb8aea6276244c19,6,0.5,66.06333333333333,66.13428571428571
5f315855cb8aea6276244c19,7,0.5,65.86333333333333,66.10041666666666
5f315855cb8aea6276244c19,8,0.5,65.7,66.05592592592592
5f315855cb8aea6276244c19,9,0.5,65.75333333333333,66.02566666666667
5f315855cb8aea6276244c19,10,0.5,65.82666666666667,66.00757575757575
5f315855cb8aea6276244c19,11,0.5,65.91666666666667,66.0
5f315855cb8aea6276244c19,12,0.5,65.61333333333333,65.97025641025641
5f28221bb87bb70bb9731f2c,0,0.5,66.26333333333334,66.26333333333334
5f28221bb87bb70bb9731f2c,1,0.5,66.14,66.20166666666667
5f28221bb87bb70bb9731f2c,2,0.5,66.61,66.33777777777777
5f28221bb87bb70bb9731f2c,3,0.5,66.18333333333334,66.29916666666666
5f28221bb87bb70bb9731f2c,4,0.5,65.89,66.21733333333334
5f28221bb87bb70bb9731f2c,5,0.5,66.35,66.23944444444444
5f28221bb87bb70bb9731f2c,6,0.5,66.16666666666666,66.22904761904762
5f28221bb87bb70bb9731f2c,7,0.5,66.27666666666666,66.235
5f28221bb87bb70bb9731f2c,8,0.5,65.93,66.2011111111111
5f28221bb87bb70bb9731f2c,9,0.5,66.23333333333333,66.20433333333332
5f28221bb87bb70bb9731f2c,10,0.5,66.03666666666666,66.18909090909091
5f28221bb87bb70bb9731f2c,11,0.5,66.16,66.18666666666667
5f28221bb87bb70bb9731f2c,12,0.5,66.44333333333333,66.20641025641025
5f28221bb87bb70bb9731f2c,13,0.5,66.22,66.20738095238094
5f28221bb87bb70bb9731f2c,14,0.5,65.79,66.17955555555555
5f28221bb87bb70bb9731f2c,15,0.5,65.92333333333333,66.16354166666666
5f28221bb87bb70bb9731f2c,16,0.5,66.12666666666667,66.1613725490196
5f28221bb87bb70bb9731f2c,17,0.5,66.50666666666667,66.18055555555556
5f28221bb87bb70bb9731f2c,18,0.5,66.10666666666667,66.17666666666666
5f28221bb87bb70bb9731f2c,19,0.5,66.3,66.18283333333333
5f28221bb87bb70bb9731f2c,20,0.5,66.52333333333334,66.19904761904762
5f28221bb87bb70bb9731f2c,21,0.5,66.03999999999999,66.19181818181818
5f28221bb87bb70bb9731f2c,22,0.5,66.14666666666666,66.18985507246376
5f28221bb87bb70bb9731f2c,23,0.5,66.11,66.18652777777778
5f28221bb87bb70bb9731f2c,24,0.5,66.20666666666666,66.18733333333334
5f28221bb87bb70bb9731f2c,25,0.5,66.38666666666667,66.195
5f28221bb87bb70bb9731f2c,26,0.5,66.00666666666667,66.18802469135802
5f28221bb87bb70bb9731f2c,27,0.5,66.39333333333333,66.19535714285715
5f28221bb87bb70bb9731f2c,28,0.5,66.0,66.18862068965517
5f28221bb87bb70bb9731f2c,29,0.5,66.16333333333333,66.18777777777777
5f28221bb87bb70bb9731f2c,30,0.5,65.89,66.17817204301076
5f28221bb87bb70bb9731f2c,31,0.5,66.18,66.17822916666667
5f28221bb87bb70bb9731f2c,32,0.5,66.42333333333333,66.18565656565656
5f28221bb87bb70bb9731f2c,33,0.5,65.75999999999999,66.17313725490196
5f28221bb87bb70bb9731f2c,34,0.5,66.19666666666667,66.17380952380952
5f28221bb87bb70bb9731f2c,35,0.5,65.88333333333334,66.16574074074074
5f28221bb87bb70bb9731f2c,36,0.5,65.93666666666667,66.15954954954955
5f28221bb87bb70bb9731f2c,37,0.5,66.25666666666666,66.1621052631579
5f28221bb87bb70bb9731f2c,38,0.5,66.16333333333333,66.16213675213675
5f28221bb87bb70bb9731f2c,39,0.5,66.06,66.15958333333333
5f28221bb87bb70bb9731f2c,40,0.5,65.81333333333333,66.15113821138212
5f28221bb87bb70bb9731f2c,41,0.5,66.12,66.15039682539683
5f28221bb87bb70bb9731f2c,42,0.5,65.95,66.14573643410853
5f28221bb87bb70bb9731f2c,43,0.5,65.9,66.14015151515152
5f28221bb87bb70bb9731f2c,44,0.5,66.34333333333333,66.14466666666667
5f28221bb87bb70bb9731f2c,45,0.5,65.81666666666666,66.13753623188406
5f28221bb87bb70bb9731f2c,46,0.5,66.03666666666666,66.13539007092199
5f28221bb87bb70bb9731f2c,47,0.5,65.86666666666666,66.12979166666666
5f28221bb87bb70bb9731f2c,48,0.5,65.93333333333334,66.12578231292517
6161bdbff67e4b4621b530e7,0,0.5,66.26333333333334,66.26333333333334
6161bdbff67e4b4621b530e7,1,0.5,66.14,66.20166666666667
6161bdbff67e4b4621b530e7,2,0.5,66.61,66.33777777777777
6161bdbff67e4b4621b530e7,3,0.5,66.18333333333334,66.29916666666666
6161bdbff67e4b4621b530e7,4,0.5,65.89,66.21733333333334
6161bdbff67e4b4621b530e7,5,0.5,66.0,66.18111111111112
6161bdbff67e4b4621b530e7,6,0.5,65.99666666666667,66.15476190476191
6161bdbff67e4b4621b530e7,7,0.5,65.89666666666668,66.1225
6161bdbff67e4b4621b530e7,8,0.5,66.24333333333333,66.13592592592593
6161bdbff67e4b4621b530e7,9,0.5,66.37666666666667,66.16
6161bdbff67e4b4621b530e7,10,0.5,66.25,66.16818181818182
6161bdbff67e4b4621b530e7,11,0.5,66.29,66.17833333333333
6161bdbff67e4b4621b530e7,12,0.5,66.50333333333333,66.20333333333333
6161bdbff67e4b4621b530e7,13,0.5,66.25,66.20666666666666
6161bdbff67e4b4621b530e7,14,0.5,66.26666666666667,66.21066666666667
6161bdbff67e4b4621b530e7,15,0.5,66.43333333333334,66.22458333333333
61687ebcd2a35ffb762d1928,0,0.5,66.26333333333334,66.26333333333334
61687ebcd2a35ffb762d1928,1,0.5,66.14,66.20166666666667
61687ebcd2a35ffb762d1928,2,0.5,66.06666666666666,66.15666666666667
61687ebcd2a35ffb762d1928,3,0.5,66.09666666666666,66.14166666666667
61687ebcd2a35ffb762d1928,4,0.5,66.28333333333333,66.17
61687ebcd2a35ffb762d1928,5,0.5,65.92333333333333,66.12888888888888
61687ebcd2a35ffb762d1928,6,0.5,66.13,66.12904761904761
61687ebcd2a35ffb762d1928,7,0.5,66.42666666666666,66.16624999999999
61687ebcd2a35ffb762d1928,8,0.5,66.06,66.15444444444444
61687ebcd2a35ffb762d1928,9,0.5,65.82333333333334,66.12133333333334
61687ebcd2a35ffb762d1928,10,0.5,66.13666666666667,66.12272727272727
6088a7e22d5b98ef3f813a22,0,0.5,66.40333333333334,66.40333333333334
6088a7e22d5b98ef3f813a22,1,0.5,66.68666666666667,66.545
6088a7e22d5b98ef3f813a22,2,0.5,66.04333333333334,66.37777777777778
6088a7e22d5b98ef3f813a22,3,0.5,66.22666666666667,66.34
6088a7e22d5b98ef3f813a22,4,0.5,66.06333333333333,66.28466666666667
6088a7e22d5b98ef3f813a22,5,0.5,66.32666666666667,66.29166666666667
6088a7e22d5b98ef3f813a22,6,0.5,66.00666666666667,66.25095238095238
6088a7e22d5b98ef3f813a22,7,0.5,65.82000000000001,66.19708333333334
6088a7e22d5b98ef3f813a22,8,0.5,66.01666666666667,66.17703703703704
6088a7e22d5b98ef3f813a22,9,0.5,65.86666666666666,66.146
6088a7e22d5b98ef3f813a22,10,0.5,65.91666666666667,66.12515151515152
6088a7e22d5b98ef3f813a22,11,0.5,65.88666666666667,66.10527777777777
6088a7e22d5b98ef3f813a22,12,0.5,66.01666666666667,66.09846153846154
6088a7e22d5b98ef3f813a22,13,0.5,66.15333333333334,66.10238095238095
6088a7e22d5b98ef3f813a22,14,0.5,65.96,66.0928888888889
6088a7e22d5b98ef3f813a22,15,0.5,66.10333333333334,66.09354166666667
6088a7e22d5b98ef3f813a22,16,0.5,65.94333333333333,66.08470588235295
6088a7e22d5b98ef3f813a22,17,0.5,65.60666666666667,66.05814814814815
6088a7e22d5b98ef3f813a22,18,0.5,65.82333333333334,66.04578947368422
6088a7e22d5b98ef3f813a22,19,0.5,66.19333333333334,66.05316666666667
6088a7e22d5b98ef3f813a22,20,0.5,66.09666666666666,66.0552380952381
5c48be0496d59b000183e68d,0,0.5,66.26333333333334,66.26333333333334
5c48be0496d59b000183e68d,1,0.5,66.78,66.52166666666668
5c48be0496d59b000183e68d,2,0.5,66.17333333333333,66.40555555555555
5c48be0496d59b000183e68d,3,0.5,66.12,66.33416666666668
6047ff03cb24e712c17514b7,0,0.5,66.07333333333332,66.07333333333332
6047ff03cb24e712c17514b7,1,0.5,66.02,66.04666666666665
6047ff03cb24e712c17514b7,2,0.5,66.17666666666666,66.08999999999999
6047ff03cb24e712c17514b7,3,0.5,65.97333333333333,66.06083333333333
6047ff03cb24e712c17514b7,4,0.5,66.21666666666667,66.092
6047ff03cb24e712c17514b7,5,0.5,66.01666666666667,66.07944444444443
6047ff03cb24e712c17514b7,6,0.5,66.02333333333334,66.07142857142857
6047ff03cb24e712c17514b7,7,0.5,66.14333333333333,66.08041666666666
6047ff03cb24e712c17514b7,8,0.5,65.96333333333332,66.06740740740742
6047ff03cb24e712c17514b7,9,0.5,65.89666666666668,66.05033333333333
6047ff03cb24e712c17514b7,10,0.5,66.10666666666667,66.05545454545455
6047ff03cb24e712c17514b7,11,0.5,65.83333333333333,66.03694444444444
6047ff03cb24e712c17514b7,12,0.5,66.02333333333334,66.03589743589744
6047ff03cb24e712c17514b7,13,0.5,66.18,66.04619047619047
6047ff03cb24e712c17514b7,14,0.5,66.29,66.06244444444445
6047ff03cb24e712c17514b7,15,0.5,65.85666666666667,66.04958333333333
6047ff03cb24e712c17514b7,16,0.5,66.01,66.04725490196078
6047ff03cb24e712c17514b7,17,0.5,65.64666666666666,66.025
6047ff03cb24e712c17514b7,18,0.5,65.83333333333333,66.01491228070175
6047ff03cb24e712c17514b7,19,0.5,65.61,65.99466666666667
6047ff03cb24e712c17514b7,20,0.5,65.93666666666667,65.99190476190476
6047ff03cb24e712c17514b7,21,0.5,65.93666666666667,65.98939393939393
6047ff03cb24e712c17514b7,22,0.5,65.91666666666667,65.98623188405797
6229dc51dff340226697778e,0,0.5,66.07333333333332,66.07333333333332
6229dc51dff340226697778e,1,0.5,66.31666666666666,66.195
6229dc51dff340226697778e,2,0.5,66.11,66.16666666666667
614b55e22ff3944a165736bb,0,0.5,66.26333333333334,66.26333333333334
614b55e22ff3944a165736bb,1,0.5,66.01,66.13666666666667
614b55e22ff3944a165736bb,2,0.5,66.05,66.10777777777777
614b55e22ff3944a165736bb,3,0.5,66.03666666666666,66.09
614b55e22ff3944a165736bb,4,0.5,66.23666666666666,66.11933333333334
614b55e22ff3944a165736bb,5,0.5,66.36666666666666,66.16055555555555
614b55e22ff3944a165736bb,6,0.5,66.14666666666666,66.15857142857143
614b55e22ff3944a165736bb,7,0.5,66.20333333333333,66.16416666666666
614b55e22ff3944a165736bb,8,0.5,66.14999999999999,66.1625925925926
614b55e22ff3944a165736bb,9,0.5,66.37333333333333,66.18366666666665
614b55e22ff3944a165736bb,10,0.5,66.23,66.18787878787879
614b55e22ff3944a165736bb,11,0.5,65.92,66.16555555555556
614b55e22ff3944a165736bb,12,0.5,65.92666666666666,66.14717948717949
614b55e22ff3944a165736bb,13,0.5,65.92,66.13095238095238
614b55e22ff3944a165736bb,14,0.5,66.08666666666667,66.128
614b55e22ff3944a165736bb,15,0.5,66.05,66.123125
614b55e22ff3944a165736bb,16,0.5,66.25999999999999,66.13117647058823
614b55e22ff3944a165736bb,17,0.5,66.28333333333333,66.13962962962962
614b55e22ff3944a165736bb,18,0.5,66.14333333333333,66.13982456140351
614b55e22ff3944a165736bb,19,0.5,66.02333333333334,66.134
614b55e22ff3944a165736bb,20,0.5,65.8,66.11809523809524
614b55e22ff3944a165736bb,21,0.5,66.05333333333333,66.11515151515151
614b55e22ff3944a165736bb,22,0.5,66.04333333333334,66.11202898550724
614b55e22ff3944a165736bb,23,0.5,65.93,66.10444444444444
614b55e22ff3944a165736bb,24,0.5,65.93666666666667,66.09773333333334
614b55e22ff3944a165736bb,25,0.5,65.81666666666666,66.08692307692307
614b55e22ff3944a165736bb,26,0.5,65.88333333333334,66.07938271604938
614b55e22ff3944a165736bb,27,0.5,66.10000000000001,66.08011904761905
614b55e22ff3944a165736bb,28,0.5,66.13666666666667,66.08206896551725
614b55e22ff3944a165736bb,29,0.5,65.72666666666666,66.07022222222221
614b55e22ff3944a165736bb,30,0.5,65.71333333333334,66.05870967741936
614b55e22ff3944a165736bb,31,0.5,65.76666666666667,66.04958333333333
614b55e22ff3944a165736bb,32,0.5,65.70666666666666,66.03919191919192
614b55e22ff3944a165736bb,33,0.5,65.89333333333333,66.03490196078431
614b55e22ff3944a165736bb,34,0.5,65.69,66.02504761904761
614b55e22ff3944a165736bb,35,0.5,65.73,66.01685185185185
614b55e22ff3944a165736bb,36,0.5,65.93333333333334,66.0145945945946
606c6e9f7e86c0264ab3d7d8,0,0.5,66.07333333333332,66.07333333333332
606c6e9f7e86c0264ab3d7d8,1,0.5,66.31666666666666,66.195
606c6e9f7e86c0264ab3d7d8,2,0.5,66.36999999999999,66.25333333333333
606c6e9f7e86c0264ab3d7d8,3,0.5,66.07666666666667,66.20916666666666
606c6e9f7e86c0264ab3d7d8,4,0.5,66.46333333333332,66.25999999999999
606c6e9f7e86c0264ab3d7d8,5,0.5,66.2,66.25
606c6e9f7e86c0264ab3d7d8,6,0.5,66.10333333333334,66.22904761904762
606c6e9f7e86c0264ab3d7d8,7,0.5,66.35333333333332,66.24458333333332
5d66f23706e589000157e7ec,0,0.5,66.07333333333332,66.07333333333332
5d66f23706e589000157e7ec,1,0.5,66.28666666666668,66.18
5d66f23706e589000157e7ec,2,0.5,66.18,66.18
5d66f23706e589000157e7ec,3,0.5,66.18333333333334,66.18083333333334
5d66f23706e589000157e7ec,4,0.5,66.14,66.17266666666667
5d66f23706e589000157e7ec,5,0.5,66.29666666666667,66.19333333333334
5d66f23706e589000157e7ec,6,0.5,66.26666666666667,66.20380952380953
5d66f23706e589000157e7ec,7,0.5,66.25,66.20958333333334
5d66f23706e589000157e7ec,8,0.5,66.30666666666667,66.22037037037038
5d66f23706e589000157e7ec,9,0.5,66.33333333333333,66.23166666666667
