participant_id,iteration,fs,accuracy
,0,0.5,66.59333333333333
5e909231933994023e8b3c4d,0,0.5,66.15666666666667
5e909231933994023e8b3c4d,1,0.5,66.65333333333334
5e909231933994023e8b3c4d,2,0.5,66.17666666666666
5e909231933994023e8b3c4d,3,0.5,66.35
5e909231933994023e8b3c4d,4,0.5,66.35333333333332
5e909231933994023e8b3c4d,5,0.5,66.47
5e909231933994023e8b3c4d,6,0.5,65.97666666666666
5e909231933994023e8b3c4d,7,0.5,66.42
5e909231933994023e8b3c4d,8,0.5,66.15666666666667
5e909231933994023e8b3c4d,9,0.5,66.28666666666668
5e909231933994023e8b3c4d,10,0.5,65.87333333333333
5e909231933994023e8b3c4d,11,0.5,66.30333333333334
5e909231933994023e8b3c4d,12,0.5,66.0
5e909231933994023e8b3c4d,13,0.5,66.22
5e909231933994023e8b3c4d,14,0.5,65.67333333333333
5e909231933994023e8b3c4d,15,0.5,66.04333333333334
5e909231933994023e8b3c4d,16,0.5,65.82666666666667
5e909231933994023e8b3c4d,17,0.5,65.99333333333334
5e909231933994023e8b3c4d,18,0.5,66.28333333333333
5e909231933994023e8b3c4d,19,0.5,66.23666666666666
5e909231933994023e8b3c4d,20,0.5,66.14
5e909231933994023e8b3c4d,21,0.5,66.2
5e909231933994023e8b3c4d,22,0.5,66.30333333333334
5e909231933994023e8b3c4d,23,0.5,66.10666666666667
5e909231933994023e8b3c4d,24,0.5,66.3
5e909231933994023e8b3c4d,25,0.5,65.86666666666666
5e909231933994023e8b3c4d,26,0.5,66.21000000000001
5e909231933994023e8b3c4d,27,0.5,66.64666666666666
5e909231933994023e8b3c4d,28,0.5,66.33666666666667
5e909231933994023e8b3c4d,29,0.5,66.00333333333333
5e909231933994023e8b3c4d,30,0.5,66.28
5e909231933994023e8b3c4d,31,0.5,65.66666666666666
5e909231933994023e8b3c4d,32,0.5,65.88666666666667
5e909231933994023e8b3c4d,33,0.5,65.95666666666666
5e909231933994023e8b3c4d,34,0.5,65.61666666666667
5e909231933994023e8b3c4d,35,0.5,66.02
5e909231933994023e8b3c4d,36,0.5,66.06333333333333
5e909231933994023e8b3c4d,37,0.5,66.05
5e909231933994023e8b3c4d,38,0.5,65.68
5e909231933994023e8b3c4d,39,0.5,66.17333333333333
5e909231933994023e8b3c4d,40,0.5,65.91666666666667
5e909231933994023e8b3c4d,41,0.5,65.86
5e909231933994023e8b3c4d,42,0.5,66.16
5e909231933994023e8b3c4d,43,0.5,66.19333333333334
5e909231933994023e8b3c4d,44,0.5,66.02333333333334
5e909231933994023e8b3c4d,45,0.5,65.69666666666667
5e909231933994023e8b3c4d,46,0.5,65.67
5e909231933994023e8b3c4d,47,0.5,66.13
5e909231933994023e8b3c4d,48,0.5,65.71000000000001
5e909231933994023e8b3c4d,49,0.5,65.86999999999999
5e909231933994023e8b3c4d,50,0.5,65.86666666666666
5e909231933994023e8b3c4d,51,0.5,65.63333333333333
5e909231933994023e8b3c4d,52,0.5,66.00333333333333
5e909231933994023e8b3c4d,53,0.5,65.85333333333332
5e909231933994023e8b3c4d,54,0.5,65.89666666666668
5e909231933994023e8b3c4d,55,0.5,65.97333333333333
5e909231933994023e8b3c4d,56,0.5,65.68666666666667
5e909231933994023e8b3c4d,57,0.5,66.10333333333334
5e909231933994023e8b3c4d,58,0.5,66.22666666666667
5e909231933994023e8b3c4d,59,0.5,66.03333333333333
5e909231933994023e8b3c4d,60,0.5,65.92666666666666
5e909231933994023e8b3c4d,61,0.5,65.93
5e909231933994023e8b3c4d,62,0.5,65.99666666666667
5e909231933994023e8b3c4d,63,0.5,65.89333333333333
5e909231933994023e8b3c4d,64,0.5,65.77333333333333
5e909231933994023e8b3c4d,65,0.5,66.05333333333333
5e909231933994023e8b3c4d,66,0.5,65.81666666666666
5e909231933994023e8b3c4d,67,0.5,66.04666666666667
5e909231933994023e8b3c4d,68,0.5,66.00333333333333
5e909231933994023e8b3c4d,69,0.5,65.92333333333333
5e909231933994023e8b3c4d,70,0.5,65.78
5e909231933994023e8b3c4d,71,0.5,66.01333333333334
5e909231933994023e8b3c4d,72,0.5,66.21000000000001
5e909231933994023e8b3c4d,73,0.5,66.01666666666667
5e909231933994023e8b3c4d,74,0.5,66.24
5e909231933994023e8b3c4d,75,0.5,65.60000000000001
5e909231933994023e8b3c4d,76,0.5,66.14
5e909231933994023e8b3c4d,77,0.5,65.99000000000001
5e909231933994023e8b3c4d,78,0.5,65.59333333333333
5e909231933994023e8b3c4d,79,0.5,65.98
5e909231933994023e8b3c4d,80,0.5,66.07
5e909231933994023e8b3c4d,81,0.5,65.67666666666668
5e909231933994023e8b3c4d,82,0.5,65.68333333333334
5e909231933994023e8b3c4d,83,0.5,66.01666666666667
5e909231933994023e8b3c4d,84,0.5,65.84333333333333
5e909231933994023e8b3c4d,85,0.5,65.62666666666667
5e909231933994023e8b3c4d,86,0.5,66.00666666666667
5e909231933994023e8b3c4d,87,0.5,65.82666666666667
5e909231933994023e8b3c4d,88,0.5,65.90666666666667
5e909231933994023e8b3c4d,89,0.5,66.20333333333333
5e909231933994023e8b3c4d,90,0.5,65.96333333333332
5e909231933994023e8b3c4d,91,0.5,66.10333333333334
5e909231933994023e8b3c4d,92,0.5,66.06666666666666
5e909231933994023e8b3c4d,93,0.5,66.02666666666667
5fe100d9ece28c2fa6e9a5a1,0,0.5,66.26333333333334
5fe100d9ece28c2fa6e9a5a1,1,0.5,66.01
5fe100d9ece28c2fa6e9a5a1,2,0.5,66.3
5fe100d9ece28c2fa6e9a5a1,3,0.5,66.39666666666668
5fe100d9ece28c2fa6e9a5a1,4,0.5,66.26333333333334
5fe100d9ece28c2fa6e9a5a1,5,0.5,65.91
5fe100d9ece28c2fa6e9a5a1,6,0.5,66.37333333333333
5fe100d9ece28c2fa6e9a5a1,7,0.5,66.22666666666667
5fe100d9ece28c2fa6e9a5a1,8,0.5,66.14
5fe100d9ece28c2fa6e9a5a1,9,0.5,65.96666666666667
5fe100d9ece28c2fa6e9a5a1,10,0.5,66.10000000000001
5fe100d9ece28c2fa6e9a5a1,11,0.5,66.40666666666667
5fe100d9ece28c2fa6e9a5a1,12,0.5,66.14
5fe100d9ece28c2fa6e9a5a1,13,0.5,66.10000000000001
5fe100d9ece28c2fa6e9a5a1,14,0.5,66.26666666666667
5fe100d9ece28c2fa6e9a5a1,15,0.5,66.16666666666666
5fe100d9ece28c2fa6e9a5a1,16,0.5,66.34666666666666
5fe100d9ece28c2fa6e9a5a1,17,0.5,65.96333333333332
5fe100d9ece28c2fa6e9a5a1,18,0.5,66.23666666666666
5fe100d9ece28c2fa6e9a5a1,19,0.5,66.14999999999999
5fe100d9ece28c2fa6e9a5a1,20,0.5,65.85333333333332
5fe100d9ece28c2fa6e9a5a1,21,0.5,66.20666666666666
5fe100d9ece28c2fa6e9a5a1,22,0.5,66.34333333333333
5fe100d9ece28c2fa6e9a5a1,23,0.5,65.97333333333333
5fe100d9ece28c2fa6e9a5a1,24,0.5,66.03
5fe100d9ece28c2fa6e9a5a1,25,0.5,66.07666666666667
5fe100d9ece28c2fa6e9a5a1,26,0.5,66.10666666666667
5fe100d9ece28c2fa6e9a5a1,27,0.5,66.22333333333333
5fe100d9ece28c2fa6e9a5a1,28,0.5,66.25
5fe100d9ece28c2fa6e9a5a1,29,0.5,66.11666666666667
5fe100d9ece28c2fa6e9a5a1,30,0.5,66.18
5fe100d9ece28c2fa6e9a5a1,31,0.5,65.99000000000001
5fe100d9ece28c2fa6e9a5a1,32,0.5,65.91
5fe100d9ece28c2fa6e9a5a1,33,0.5,66.17333333333333
5fe100d9ece28c2fa6e9a5a1,34,0.5,66.22
5fe100d9ece28c2fa6e9a5a1,35,0.5,66.27333333333333
5fe100d9ece28c2fa6e9a5a1,36,0.5,66.19333333333334
5fe100d9ece28c2fa6e9a5a1,37,0.5,65.91
5fe100d9ece28c2fa6e9a5a1,38,0.5,65.83333333333333
5fe100d9ece28c2fa6e9a5a1,39,0.5,66.12333333333333
5fe100d9ece28c2fa6e9a5a1,40,0.5,66.02333333333334
5fe100d9ece28c2fa6e9a5a1,41,0.5,65.88666666666667
5fe100d9ece28c2fa6e9a5a1,42,0.5,66.21666666666667
5fe100d9ece28c2fa6e9a5a1,43,0.5,66.34
60f5bcf96cd0848f008e3902,0,0.5,66.07333333333332
60f5bcf96cd0848f008e3902,1,0.5,66.28666666666668
60f5bcf96cd0848f008e3902,2,0.5,66.22
60f5bcf96cd0848f008e3902,3,0.5,66.23333333333333
60f5bcf96cd0848f008e3902,4,0.5,66.25999999999999
60f5bcf96cd0848f008e3902,5,0.5,66.24
60f5bcf96cd0848f008e3902,6,0.5,66.38333333333334
60f5bcf96cd0848f008e3902,7,0.5,66.16666666666666
60f5bcf96cd0848f008e3902,8,0.5,65.85666666666667
60f5bcf96cd0848f008e3902,9,0.5,66.05333333333333
60f5bcf96cd0848f008e3902,10,0.5,65.77666666666667
60f5bcf96cd0848f008e3902,11,0.5,65.80666666666667
6120211d8e1eab16fcb7ad69,0,0.5,66.07333333333332
6120211d8e1eab16fcb7ad69,1,0.5,66.31666666666666
6120211d8e1eab16fcb7ad69,2,0.5,66.36999999999999
6120211d8e1eab16fcb7ad69,3,0.5,66.07666666666667
6120211d8e1eab16fcb7ad69,4,0.5,66.21333333333334
6120211d8e1eab16fcb7ad69,5,0.5,66.16666666666666
6120211d8e1eab16fcb7ad69,6,0.5,65.88333333333334
6120211d8e1eab16fcb7ad69,7,0.5,66.18
6120211d8e1eab16fcb7ad69,8,0.5,66.05333333333333
6120211d8e1eab16fcb7ad69,9,0.5,65.96666666666667
6120211d8e1eab16fcb7ad69,10,0.5,66.09666666666666
6120211d8e1eab16fcb7ad69,11,0.5,65.93333333333334
6120211d8e1eab16fcb7ad69,12,0.5,65.85666666666667
6120211d8e1eab16fcb7ad69,13,0.5,65.60000000000001
6120211d8e1eab16fcb7ad69,14,0.5,65.75999999999999
6120211d8e1eab16fcb7ad69,15,0.5,65.95
60e0e480c45d13e3fc1aae6b,0,0.5,66.07333333333332
60e0e480c45d13e3fc1aae6b,1,0.5,66.10333333333334
60e0e480c45d13e3fc1aae6b,2,0.5,65.84666666666666
60e0e480c45d13e3fc1aae6b,3,0.5,66.25333333333333
60e0e480c45d13e3fc1aae6b,4,0.5,66.24
60e0e480c45d13e3fc1aae6b,5,0.5,65.92666666666666
60e0e480c45d13e3fc1aae6b,6,0.5,66.22666666666667
60e0e480c45d13e3fc1aae6b,7,0.5,66.21333333333334
60e0e480c45d13e3fc1aae6b,8,0.5,66.07666666666667
60e0e480c45d13e3fc1aae6b,9,0.5,65.63
60e0e480c45d13e3fc1aae6b,10,0.5,66.17
60e0e480c45d13e3fc1aae6b,11,0.5,65.77333333333333
60e0e480c45d13e3fc1aae6b,12,0.5,65.81333333333333
60e0e480c45d13e3fc1aae6b,13,0.5,65.88000000000001
60e0e480c45d13e3fc1aae6b,14,0.5,66.06
60e0e480c45d13e3fc1aae6b,15,0.5,65.82000000000001
60e0e480c45d13e3fc1aae6b,16,0.5,65.85333333333332
60e0e480c45d13e3fc1aae6b,17,0.5,65.79
60e0e480c45d13e3fc1aae6b,18,0.5,65.27666666666667
60e0e480c45d13e3fc1aae6b,19,0.5,65.67333333333333
60e0e480c45d13e3fc1aae6b,20,0.5,65.79
60e0e480c45d13e3fc1aae6b,21,0.5,65.61
60e0e480c45d13e3fc1aae6b,22,0.5,65.77666666666667
60e0e480c45d13e3fc1aae6b,23,0.5,66.07
60e0e480c45d13e3fc1aae6b,24,0.5,65.90666666666667
6151f4af8af3c53428216391,0,0.5,66.23666666666666
6151f4af8af3c53428216391,1,0.5,66.41333333333334
6151f4af8af3c53428216391,2,0.5,66.33333333333333
6151f4af8af3c53428216391,3,0.5,66.01666666666667
6151f4af8af3c53428216391,4,0.5,66.09666666666666
6151f4af8af3c53428216391,5,0.5,65.98333333333333
6151f4af8af3c53428216391,6,0.5,66.16
6151f4af8af3c53428216391,7,0.5,65.94333333333333
6101c49c2727ad36a6c593af,0,0.5,66.26333333333334
6101c49c2727ad36a6c593af,1,0.5,66.01
6101c49c2727ad36a6c593af,2,0.5,66.23
6101c49c2727ad36a6c593af,3,0.5,66.28333333333333
6101c49c2727ad36a6c593af,4,0.5,65.86333333333333
60dc5726c777d9a0e550d1ca,0,0.5,66.26333333333334
60dc5726c777d9a0e550d1ca,1,0.5,66.14
60dc5726c777d9a0e550d1ca,2,0.5,66.61
60dc5726c777d9a0e550d1ca,3,0.5,66.10000000000001
60dc5726c777d9a0e550d1ca,4,0.5,66.32000000000001
60dc5726c777d9a0e550d1ca,5,0.5,66.23333333333333
60dc5726c777d9a0e550d1ca,6,0.5,66.23666666666666
60dc5726c777d9a0e550d1ca,7,0.5,66.44
60dc5726c777d9a0e550d1ca,8,0.5,65.94
60dc5726c777d9a0e550d1ca,9,0.5,65.88000000000001
60dc5726c777d9a0e550d1ca,10,0.5,66.23
60dc5726c777d9a0e550d1ca,11,0.5,66.24
60dc5726c777d9a0e550d1ca,12,0.5,66.22
60dc5726c777d9a0e550d1ca,13,0.5,65.96
60dc5726c777d9a0e550d1ca,14,0.5,65.77333333333333
60dc5726c777d9a0e550d1ca,15,0.5,66.05333333333333
60dc5726c777d9a0e550d1ca,16,0.5,66.19
60dc5726c777d9a0e550d1ca,17,0.5,66.22333333333333
60dc5726c777d9a0e550d1ca,18,0.5,66.13666666666667
60dc5726c777d9a0e550d1ca,19,0.5,65.92333333333333
60dc5726c777d9a0e550d1ca,20,0.5,66.0
60dc5726c777d9a0e550d1ca,21,0.5,65.90666666666667
60dc5726c777d9a0e550d1ca,22,0.5,66.14666666666666
60dc5726c777d9a0e550d1ca,23,0.5,66.07666666666667
60dc5726c777d9a0e550d1ca,24,0.5,65.96
60dc5726c777d9a0e550d1ca,25,0.5,65.79666666666667
60dc5726c777d9a0e550d1ca,26,0.5,65.74666666666667
60dc5726c777d9a0e550d1ca,27,0.5,65.91333333333334
60dc5726c777d9a0e550d1ca,28,0.5,65.77333333333333
60dc5726c777d9a0e550d1ca,29,0.5,66.02333333333334
60dc5726c777d9a0e550d1ca,30,0.5,65.34
60dc5726c777d9a0e550d1ca,31,0.5,66.10000000000001
60dc5726c777d9a0e550d1ca,32,0.5,65.77333333333333
60dc5726c777d9a0e550d1ca,33,0.5,65.86999999999999
60dc5726c777d9a0e550d1ca,34,0.5,66.23
60dc5726c777d9a0e550d1ca,35,0.5,65.71333333333334
60dc5726c777d9a0e550d1ca,36,0.5,65.71000000000001
60dc5726c777d9a0e550d1ca,37,0.5,65.63333333333333
60dc5726c777d9a0e550d1ca,38,0.5,65.78
60dc5726c777d9a0e550d1ca,39,0.5,65.89
60dc5726c777d9a0e550d1ca,40,0.5,65.81666666666666
60dc5726c777d9a0e550d1ca,41,0.5,66.13333333333333
60dc5726c777d9a0e550d1ca,42,0.5,65.9
60dc5726c777d9a0e550d1ca,43,0.5,65.82333333333334
60dc5726c777d9a0e550d1ca,44,0.5,65.88333333333334
60dc5726c777d9a0e550d1ca,45,0.5,65.80333333333334
60dc5726c777d9a0e550d1ca,46,0.5,66.00333333333333
60dc5726c777d9a0e550d1ca,47,0.5,65.85
60dc5726c777d9a0e550d1ca,48,0.5,65.97666666666666
60dc5726c777d9a0e550d1ca,49,0.5,65.7
60dc5726c777d9a0e550d1ca,50,0.5,65.96666666666667
60dc5726c777d9a0e550d1ca,51,0.5,65.56666666666666
60dc5726c777d9a0e550d1ca,52,0.5,66.22
60dc5726c777d9a0e550d1ca,53,0.5,65.81
60dc5726c777d9a0e550d1ca,54,0.5,65.93666666666667
60dc5726c777d9a0e550d1ca,55,0.5,66.10333333333334
60dc5726c777d9a0e550d1ca,56,0.5,66.03
60dc5726c777d9a0e550d1ca,57,0.5,65.99000000000001
60dc5726c777d9a0e550d1ca,58,0.5,65.88000000000001
60dc5726c777d9a0e550d1ca,59,0.5,65.97
60dc5726c777d9a0e550d1ca,60,0.5,66.01333333333334
60dc5726c777d9a0e550d1ca,61,0.5,66.18333333333334
60dc5726c777d9a0e550d1ca,62,0.5,66.32666666666667
60dc5726c777d9a0e550d1ca,63,0.5,65.90666666666667
60dc5726c777d9a0e550d1ca,64,0.5,66.25
60dc5726c777d9a0e550d1ca,65,0.5,66.13666666666667
60dc5726c777d9a0e550d1ca,66,0.5,66.23
60dc5726c777d9a0e550d1ca,67,0.5,65.85
60dc5726c777d9a0e550d1ca,68,0.5,65.75
60dc5726c777d9a0e550d1ca,69,0.5,66.00666666666667
60dc5726c777d9a0e550d1ca,70,0.5,65.90333333333334
60dc5726c777d9a0e550d1ca,71,0.5,65.70333333333333
60dc5726c777d9a0e550d1ca,72,0.5,66.19
60dc5726c777d9a0e550d1ca,73,0.5,65.64999999999999
60dc5726c777d9a0e550d1ca,74,0.5,65.89333333333333
60dc5726c777d9a0e550d1ca,75,0.5,65.82000000000001
60dc5726c777d9a0e550d1ca,76,0.5,65.84333333333333
60dc5726c777d9a0e550d1ca,77,0.5,65.99000000000001
60dc5726c777d9a0e550d1ca,78,0.5,65.91
60dc5726c777d9a0e550d1ca,79,0.5,65.60333333333334
60dc5726c777d9a0e550d1ca,80,0.5,65.83666666666666
60dc5726c777d9a0e550d1ca,81,0.5,65.96333333333332
60dc5726c777d9a0e550d1ca,82,0.5,66.0
60dc5726c777d9a0e550d1ca,83,0.5,66.13333333333333
60dc5726c777d9a0e550d1ca,84,0.5,66.07333333333332
60dc5726c777d9a0e550d1ca,85,0.5,65.90666666666667
60dc5726c777d9a0e550d1ca,86,0.5,65.64666666666666
60dc5726c777d9a0e550d1ca,87,0.5,65.82333333333334
60dc5726c777d9a0e550d1ca,88,0.5,65.66666666666666
60dc5726c777d9a0e550d1ca,89,0.5,65.69333333333334
60dc5726c777d9a0e550d1ca,90,0.5,65.99666666666667
60dc5726c777d9a0e550d1ca,91,0.5,66.13333333333333
60dc5726c777d9a0e550d1ca,92,0.5,65.9
60dc5726c777d9a0e550d1ca,93,0.5,66.25999999999999
60dc5726c777d9a0e550d1ca,94,0.5,65.93333333333334
60dc5726c777d9a0e550d1ca,95,0.5,65.8
60dc5726c777d9a0e550d1ca,96,0.5,65.80333333333334
60dc5726c777d9a0e550d1ca,97,0.5,65.77666666666667
60dc5726c777d9a0e550d1ca,98,0.5,65.73666666666666
60dc5726c777d9a0e550d1ca,99,0.5,65.73333333333333
60dc5726c777d9a0e550d1ca,100,0.5,66.11
60dc5726c777d9a0e550d1ca,101,0.5,65.96333333333332
60e46e73e4c4216e7dcbe325,0,0.5,66.07333333333332
60e46e73e4c4216e7dcbe325,1,0.5,66.28666666666668
60e46e73e4c4216e7dcbe325,2,0.5,66.22
60e46e73e4c4216e7dcbe325,3,0.5,66.23333333333333
60e46e73e4c4216e7dcbe325,4,0.5,66.25999999999999
60e46e73e4c4216e7dcbe325,5,0.5,66.24
60e46e73e4c4216e7dcbe325,6,0.5,66.38333333333334
60e46e73e4c4216e7dcbe325,7,0.5,66.16666666666666
60e46e73e4c4216e7dcbe325,8,0.5,66.28
60e46e73e4c4216e7dcbe325,9,0.5,66.11666666666667
60e46e73e4c4216e7dcbe325,10,0.5,65.91333333333334
60e46e73e4c4216e7dcbe325,11,0.5,65.97333333333333
60e46e73e4c4216e7dcbe325,12,0.5,66.09333333333333
60e46e73e4c4216e7dcbe325,13,0.5,66.03
60e46e73e4c4216e7dcbe325,14,0.5,65.86
60e46e73e4c4216e7dcbe325,15,0.5,66.11
60e46e73e4c4216e7dcbe325,16,0.5,65.66333333333333
60e46e73e4c4216e7dcbe325,17,0.5,65.70666666666666
60e46e73e4c4216e7dcbe325,18,0.5,65.83666666666666
60e46e73e4c4216e7dcbe325,19,0.5,66.58
5f256074297aac1d8ef7382d,0,0.5,65.88666666666667
5f256074297aac1d8ef7382d,1,0.5,66.30333333333334
5f256074297aac1d8ef7382d,2,0.5,66.23
5f256074297aac1d8ef7382d,3,0.5,65.86333333333333
5f256074297aac1d8ef7382d,4,0.5,66.14333333333333
5f256074297aac1d8ef7382d,5,0.5,66.37333333333333
5f256074297aac1d8ef7382d,6,0.5,66.18666666666667
5f256074297aac1d8ef7382d,7,0.5,66.13666666666667
5f256074297aac1d8ef7382d,8,0.5,65.89666666666668
5f256074297aac1d8ef7382d,9,0.5,66.25333333333333
5f256074297aac1d8ef7382d,10,0.5,65.78666666666668
5f256074297aac1d8ef7382d,11,0.5,66.01666666666667
5f256074297aac1d8ef7382d,12,0.5,65.78333333333333
5f256074297aac1d8ef7382d,13,0.5,66.00666666666667
5f256074297aac1d8ef7382d,14,0.5,66.18666666666667
5f256074297aac1d8ef7382d,15,0.5,65.89333333333333
5f256074297aac1d8ef7382d,16,0.5,66.35666666666667
5f256074297aac1d8ef7382d,17,0.5,65.79666666666667
5f256074297aac1d8ef7382d,18,0.5,65.68
5f256074297aac1d8ef7382d,19,0.5,66.26666666666667
5f256074297aac1d8ef7382d,20,0.5,65.87666666666667
5f256074297aac1d8ef7382d,21,0.5,65.85666666666667
5f256074297aac1d8ef7382d,22,0.5,65.58333333333334
5f256074297aac1d8ef7382d,23,0.5,65.82666666666667
5f256074297aac1d8ef7382d,24,0.5,65.65333333333334
5f256074297aac1d8ef7382d,25,0.5,66.02
5f256074297aac1d8ef7382d,26,0.5,65.98
5f256074297aac1d8ef7382d,27,0.5,65.82333333333334
5f256074297aac1d8ef7382d,28,0.5,66.01666666666667
5f256074297aac1d8ef7382d,29,0.5,66.01
5f256074297aac1d8ef7382d,30,0.5,65.86333333333333
5f256074297aac1d8ef7382d,31,0.5,65.62
5f256074297aac1d8ef7382d,32,0.5,65.68666666666667
60f724fd8ec131e82a00b129,0,0.5,66.07333333333332
60f724fd8ec131e82a00b129,1,0.5,66.28666666666668
60f724fd8ec131e82a00b129,2,0.5,66.22
60f724fd8ec131e82a00b129,3,0.5,66.15666666666667
60f724fd8ec131e82a00b129,4,0.5,66.16666666666666
60f724fd8ec131e82a00b129,5,0.5,66.11
60f724fd8ec131e82a00b129,6,0.5,65.96333333333332
60f724fd8ec131e82a00b129,7,0.5,66.27666666666666
60f724fd8ec131e82a00b129,8,0.5,66.25666666666666
60f724fd8ec131e82a00b129,9,0.5,65.84666666666666
60f724fd8ec131e82a00b129,10,0.5,66.37666666666667
60f724fd8ec131e82a00b129,11,0.5,66.24333333333333
60f724fd8ec131e82a00b129,12,0.5,66.21000000000001
60f724fd8ec131e82a00b129,13,0.5,65.98666666666666
60f724fd8ec131e82a00b129,14,0.5,65.99000000000001
60f724fd8ec131e82a00b129,15,0.5,66.20333333333333
60f724fd8ec131e82a00b129,16,0.5,66.19666666666667
60f724fd8ec131e82a00b129,17,0.5,65.60333333333334
60f724fd8ec131e82a00b129,18,0.5,65.8
60f724fd8ec131e82a00b129,19,0.5,65.82000000000001
60f724fd8ec131e82a00b129,20,0.5,65.85333333333332
60f724fd8ec131e82a00b129,21,0.5,65.93333333333334
60f724fd8ec131e82a00b129,22,0.5,65.93333333333334
60f724fd8ec131e82a00b129,23,0.5,66.06
60f724fd8ec131e82a00b129,24,0.5,65.82666666666667
60f724fd8ec131e82a00b129,25,0.5,66.23
60f724fd8ec131e82a00b129,26,0.5,65.98
60f724fd8ec131e82a00b129,27,0.5,66.05666666666666
60f724fd8ec131e82a00b129,28,0.5,66.01666666666667
60f724fd8ec131e82a00b129,29,0.5,65.66666666666666
60f724fd8ec131e82a00b129,30,0.5,65.69666666666667
60f724fd8ec131e82a00b129,31,0.5,65.97
60f724fd8ec131e82a00b129,32,0.5,65.60000000000001
60f724fd8ec131e82a00b129,33,0.5,65.77333333333333
5d66a40c141c9800016a08a2,0,0.5,66.26333333333334
5d66a40c141c9800016a08a2,1,0.5,66.27
5d66a40c141c9800016a08a2,2,0.5,66.32666666666667
5d66a40c141c9800016a08a2,3,0.5,66.17333333333333
5d66a40c141c9800016a08a2,4,0.5,66.26333333333334
5d66a40c141c9800016a08a2,5,0.5,66.42666666666666
5d66a40c141c9800016a08a2,6,0.5,66.13
5d66a40c141c9800016a08a2,7,0.5,66.45666666666666
5d66a40c141c9800016a08a2,8,0.5,66.23333333333333
5d66a40c141c9800016a08a2,9,0.5,66.17666666666666
5d66a40c141c9800016a08a2,10,0.5,66.01666666666667
5d66a40c141c9800016a08a2,11,0.5,66.01666666666667
5d66a40c141c9800016a08a2,12,0.5,66.22666666666667
5d66a40c141c9800016a08a2,13,0.5,66.42
5d66a40c141c9800016a08a2,14,0.5,66.48333333333333
5d66a40c141c9800016a08a2,15,0.5,65.96333333333332
5d66a40c141c9800016a08a2,16,0.5,65.75
5d66a40c141c9800016a08a2,17,0.5,65.98666666666666
5d66a40c141c9800016a08a2,18,0.5,65.98666666666666
5d66a40c141c9800016a08a2,19,0.5,65.96
5d66a40c141c9800016a08a2,20,0.5,66.10000000000001
5d66a40c141c9800016a08a2,21,0.5,66.04333333333334
5d66a40c141c9800016a08a2,22,0.5,65.49666666666667
5d66a40c141c9800016a08a2,23,0.5,65.69666666666667
5d66a40c141c9800016a08a2,24,0.5,65.40333333333334
5d66a40c141c9800016a08a2,25,0.5,65.47333333333333
5d66a40c141c9800016a08a2,26,0.5,65.76666666666667
5d66a40c141c9800016a08a2,27,0.5,65.50333333333333
5d66a40c141c9800016a08a2,28,0.5,65.72666666666666
5d66a40c141c9800016a08a2,29,0.5,65.62333333333333
5d66a40c141c9800016a08a2,30,0.5,65.59
5d66a40c141c9800016a08a2,31,0.5,65.64999999999999
5d66a40c141c9800016a08a2,32,0.5,65.62
5d66a40c141c9800016a08a2,33,0.5,65.53
5d66a40c141c9800016a08a2,34,0.5,65.52333333333334
5d66a40c141c9800016a08a2,35,0.5,65.22333333333333
5d66a40c141c9800016a08a2,36,0.5,65.46333333333332
5d66a40c141c9800016a08a2,37,0.5,65.34666666666666
5d66a40c141c9800016a08a2,38,0.5,65.11
5d66a40c141c9800016a08a2,39,0.5,65.23
5d66a40c141c9800016a08a2,40,0.5,65.22
5d66a40c141c9800016a08a2,41,0.5,65.30666666666667
5d66a40c141c9800016a08a2,42,0.5,64.98
5d66a40c141c9800016a08a2,43,0.5,65.40333333333334
5d66a40c141c9800016a08a2,44,0.5,65.49666666666667
5d66a40c141c9800016a08a2,45,0.5,65.29666666666667
5d66a40c141c9800016a08a2,46,0.5,65.02666666666667
5d66a40c141c9800016a08a2,47,0.5,65.21333333333334
5d66a40c141c9800016a08a2,48,0.5,65.50666666666667
5d66a40c141c9800016a08a2,49,0.5,65.54333333333334
5d66a40c141c9800016a08a2,50,0.5,65.41666666666667
5d66a40c141c9800016a08a2,51,0.5,65.42666666666666
5d66a40c141c9800016a08a2,52,0.5,65.33
5d66a40c141c9800016a08a2,53,0.5,65.4
5d66a40c141c9800016a08a2,54,0.5,65.19666666666667
5d66a40c141c9800016a08a2,55,0.5,65.06
5d66a40c141c9800016a08a2,56,0.5,65.19666666666667
5d66a40c141c9800016a08a2,57,0.5,64.94333333333333
5d66a40c141c9800016a08a2,58,0.5,64.83666666666666
5d66a40c141c9800016a08a2,59,0.5,65.18333333333334
5d66a40c141c9800016a08a2,60,0.5,65.29333333333334
5d66a40c141c9800016a08a2,61,0.5,65.49333333333334
5d66a40c141c9800016a08a2,62,0.5,65.11666666666667
5d66a40c141c9800016a08a2,63,0.5,65.16
5d66a40c141c9800016a08a2,64,0.5,65.12
5d66a40c141c9800016a08a2,65,0.5,65.41666666666667
5d66a40c141c9800016a08a2,66,0.5,64.83666666666666
5d66a40c141c9800016a08a2,67,0.5,65.08666666666667
5d66a40c141c9800016a08a2,68,0.5,65.10000000000001
5d66a40c141c9800016a08a2,69,0.5,65.21333333333334
5d66a40c141c9800016a08a2,70,0.5,64.99000000000001
5d66a40c141c9800016a08a2,71,0.5,64.86666666666666
5d66a40c141c9800016a08a2,72,0.5,65.24333333333333
5d66a40c141c9800016a08a2,73,0.5,65.30333333333334
5d66a40c141c9800016a08a2,74,0.5,65.12
5d66a40c141c9800016a08a2,75,0.5,65.39
5d66a40c141c9800016a08a2,76,0.5,65.37333333333333
5d66a40c141c9800016a08a2,77,0.5,65.28
5d66a40c141c9800016a08a2,78,0.5,65.30666666666667
5d66a40c141c9800016a08a2,79,0.5,65.16
5d66a40c141c9800016a08a2,80,0.5,65.46
5d66a40c141c9800016a08a2,81,0.5,65.11
5d66a40c141c9800016a08a2,82,0.5,65.45333333333333
5d66a40c141c9800016a08a2,83,0.5,65.46
5d66a40c141c9800016a08a2,84,0.5,65.02
5d66a40c141c9800016a08a2,85,0.5,65.35333333333332
5d66a40c141c9800016a08a2,86,0.5,65.51
5d66a40c141c9800016a08a2,87,0.5,65.27666666666667
5d66a40c141c9800016a08a2,88,0.5,64.96
5d66a40c141c9800016a08a2,89,0.5,65.23333333333333
5d66a40c141c9800016a08a2,90,0.5,65.07333333333334
5d66a40c141c9800016a08a2,91,0.5,64.87666666666667
5d66a40c141c9800016a08a2,92,0.5,65.56666666666666
5d66a40c141c9800016a08a2,93,0.5,65.40666666666667
5d66a40c141c9800016a08a2,94,0.5,65.18666666666667
5d66a40c141c9800016a08a2,95,0.5,65.18
5d66a40c141c9800016a08a2,96,0.5,65.29666666666667
5d66a40c141c9800016a08a2,97,0.5,65.36333333333333
5d66a40c141c9800016a08a2,98,0.5,65.07333333333334
5d66a40c141c9800016a08a2,99,0.5,65.42999999999999
5d66a40c141c9800016a08a2,100,0.5,65.35666666666667
5d66a40c141c9800016a08a2,101,0.5,65.35
5952a5175071bb0001ce96c7,0,0.5,66.07333333333332
5952a5175071bb0001ce96c7,1,0.5,66.31666666666666
5952a5175071bb0001ce96c7,2,0.5,66.36999999999999
5952a5175071bb0001ce96c7,3,0.5,66.04333333333334
5952a5175071bb0001ce96c7,4,0.5,66.01
5952a5175071bb0001ce96c7,5,0.5,65.81333333333333
5952a5175071bb0001ce96c7,6,0.5,65.71666666666667
5952a5175071bb0001ce96c7,7,0.5,66.08000000000001
5952a5175071bb0001ce96c7,8,0.5,65.84
5952a5175071bb0001ce96c7,9,0.5,65.96333333333332
5952a5175071bb0001ce96c7,10,0.5,66.0
60c63a0fb09fbf271e554c36,0,0.5,66.05
60c63a0fb09fbf271e554c36,1,0.5,66.69666666666667
60c63a0fb09fbf271e554c36,2,0.5,66.08333333333334
60c63a0fb09fbf271e554c36,3,0.5,66.18333333333334
60c63a0fb09fbf271e554c36,4,0.5,66.45666666666666
60c63a0fb09fbf271e554c36,5,0.5,66.0
60c63a0fb09fbf271e554c36,6,0.5,66.34
60c63a0fb09fbf271e554c36,7,0.5,66.49666666666667
60c63a0fb09fbf271e554c36,8,0.5,66.2
60c63a0fb09fbf271e554c36,9,0.5,65.91
60c63a0fb09fbf271e554c36,10,0.5,66.14
60c63a0fb09fbf271e554c36,11,0.5,65.88000000000001
60c63a0fb09fbf271e554c36,12,0.5,65.98666666666666
608252263bd38a91cf28c121,0,0.5,66.26333333333334
608252263bd38a91cf28c121,1,0.5,66.14
608252263bd38a91cf28c121,2,0.5,66.00333333333333
608252263bd38a91cf28c121,3,0.5,66.33333333333333
608252263bd38a91cf28c121,4,0.5,66.04666666666667
608252263bd38a91cf28c121,5,0.5,66.31
608252263bd38a91cf28c121,6,0.5,66.35333333333332
608252263bd38a91cf28c121,7,0.5,66.13333333333333
608252263bd38a91cf28c121,8,0.5,66.21000000000001
608252263bd38a91cf28c121,9,0.5,65.97333333333333
608252263bd38a91cf28c121,10,0.5,66.22666666666667
608252263bd38a91cf28c121,11,0.5,65.94
608252263bd38a91cf28c121,12,0.5,66.23666666666666
608252263bd38a91cf28c121,13,0.5,66.07666666666667
608252263bd38a91cf28c121,14,0.5,66.06
5c83f171fff8430001e997b4,0,0.5,66.26333333333334
5c83f171fff8430001e997b4,1,0.5,66.01
5c83f171fff8430001e997b4,2,0.5,66.23
5c83f171fff8430001e997b4,3,0.5,66.03666666666666
5c83f171fff8430001e997b4,4,0.5,66.21666666666667
5c83f171fff8430001e997b4,5,0.5,65.93666666666667
5c83f171fff8430001e997b4,6,0.5,66.02666666666667
5c83f171fff8430001e997b4,7,0.5,65.91
5c83f171fff8430001e997b4,8,0.5,66.18
5c83f171fff8430001e997b4,9,0.5,66.02
5c83f171fff8430001e997b4,10,0.5,65.85333333333332
5c83f171fff8430001e997b4,11,0.5,66.23
60e3303c9f5ea2fc726d58d8,0,0.5,65.88666666666667
60e3303c9f5ea2fc726d58d8,1,0.5,66.18
60e3303c9f5ea2fc726d58d8,2,0.5,66.25666666666666
60e3303c9f5ea2fc726d58d8,3,0.5,66.06666666666666
60e3303c9f5ea2fc726d58d8,4,0.5,66.18666666666667
60e3303c9f5ea2fc726d58d8,5,0.5,66.26333333333334
60e3303c9f5ea2fc726d58d8,6,0.5,66.53
60e3303c9f5ea2fc726d58d8,7,0.5,66.22333333333333
60e3303c9f5ea2fc726d58d8,8,0.5,66.18333333333334
60e3303c9f5ea2fc726d58d8,9,0.5,66.05
60e3303c9f5ea2fc726d58d8,10,0.5,65.93333333333334
60e3303c9f5ea2fc726d58d8,11,0.5,66.03333333333333
60e3303c9f5ea2fc726d58d8,12,0.5,66.0
60e3303c9f5ea2fc726d58d8,13,0.5,65.99000000000001
60e3303c9f5ea2fc726d58d8,14,0.5,66.10000000000001
5c69824b98f65b0001353794,0,0.5,66.07333333333332
5c69824b98f65b0001353794,1,0.5,66.31666666666666
5c69824b98f65b0001353794,2,0.5,65.96333333333332
5c69824b98f65b0001353794,3,0.5,65.94333333333333
5c69824b98f65b0001353794,4,0.5,65.93
5c69824b98f65b0001353794,5,0.5,66.11666666666667
5c69824b98f65b0001353794,6,0.5,66.08000000000001
5c69824b98f65b0001353794,7,0.5,66.03666666666666
5c69824b98f65b0001353794,8,0.5,65.92666666666666
5c69824b98f65b0001353794,9,0.5,65.96666666666667
5c69824b98f65b0001353794,10,0.5,65.69333333333334
5c69824b98f65b0001353794,11,0.5,65.86666666666666
5c69824b98f65b0001353794,12,0.5,66.3
5c69824b98f65b0001353794,13,0.5,66.03
5c69824b98f65b0001353794,14,0.5,65.99333333333334
5c69824b98f65b0001353794,15,0.5,66.29
5c69824b98f65b0001353794,16,0.5,66.30333333333334
5c69824b98f65b0001353794,17,0.5,65.87333333333333
5c69824b98f65b0001353794,18,0.5,65.91
5c69824b98f65b0001353794,19,0.5,66.21000000000001
5c69824b98f65b0001353794,20,0.5,65.99666666666667
5c69824b98f65b0001353794,21,0.5,66.2
5c69824b98f65b0001353794,22,0.5,66.49666666666667
5c69824b98f65b0001353794,23,0.5,66.29333333333334
5c69824b98f65b0001353794,24,0.5,66.14
5c69824b98f65b0001353794,25,0.5,66.22333333333333
5c69824b98f65b0001353794,26,0.5,66.06666666666666
5c69824b98f65b0001353794,27,0.5,66.01666666666667
5c69824b98f65b0001353794,28,0.5,66.21333333333334
5c69824b98f65b0001353794,29,0.5,66.3
5c69824b98f65b0001353794,30,0.5,66.24333333333333
5c69824b98f65b0001353794,31,0.5,66.07666666666667
5c69824b98f65b0001353794,32,0.5,66.19333333333334
5c69824b98f65b0001353794,33,0.5,66.13
5c69824b98f65b0001353794,34,0.5,66.05
5c69824b98f65b0001353794,35,0.5,66.19
5c69824b98f65b0001353794,36,0.5,66.10333333333334
5c69824b98f65b0001353794,37,0.5,66.18666666666667
5c69824b98f65b0001353794,38,0.5,66.39
5c69824b98f65b0001353794,39,0.5,66.35333333333332
5c69824b98f65b0001353794,40,0.5,66.22
5c69824b98f65b0001353794,41,0.5,66.01
5c69824b98f65b0001353794,42,0.5,65.96666666666667
5c69824b98f65b0001353794,43,0.5,66.44333333333333
5c69824b98f65b0001353794,44,0.5,66.11
5c69824b98f65b0001353794,45,0.5,66.16666666666666
5c69824b98f65b0001353794,46,0.5,66.00666666666667
5c69824b98f65b0001353794,47,0.5,65.99333333333334
5c69824b98f65b0001353794,48,0.5,66.06333333333333
5c69824b98f65b0001353794,49,0.5,66.09
5c69824b98f65b0001353794,50,0.5,66.07
5c69824b98f65b0001353794,51,0.5,66.21333333333334
5c69824b98f65b0001353794,52,0.5,66.19
5c69824b98f65b0001353794,53,0.5,66.05666666666666
5c69824b98f65b0001353794,54,0.5,66.22333333333333
5c69824b98f65b0001353794,55,0.5,66.31666666666666
5c69824b98f65b0001353794,56,0.5,66.41333333333334
6053c980f7612d61ed799ce9,0,0.5,66.26333333333334
6053c980f7612d61ed799ce9,1,0.5,66.01
6053c980f7612d61ed799ce9,2,0.5,66.23
6053c980f7612d61ed799ce9,3,0.5,66.09666666666666
6053c980f7612d61ed799ce9,4,0.5,65.99000000000001
6053c980f7612d61ed799ce9,5,0.5,66.0
6053c980f7612d61ed799ce9,6,0.5,66.16666666666666
6053c980f7612d61ed799ce9,7,0.5,66.32666666666667
6053c980f7612d61ed799ce9,8,0.5,66.03999999999999
6053c980f7612d61ed799ce9,9,0.5,66.45666666666666
6053c980f7612d61ed799ce9,10,0.5,65.97333333333333
6053c980f7612d61ed799ce9,11,0.5,66.05
6053c980f7612d61ed799ce9,12,0.5,66.16333333333333
6053c980f7612d61ed799ce9,13,0.5,65.99000000000001
6053c980f7612d61ed799ce9,14,0.5,65.76333333333334
6053c980f7612d61ed799ce9,15,0.5,66.00666666666667
6053c980f7612d61ed799ce9,16,0.5,66.06
6053c980f7612d61ed799ce9,17,0.5,66.05
6053c980f7612d61ed799ce9,18,0.5,66.19
6053c980f7612d61ed799ce9,19,0.5,66.07666666666667
6053c980f7612d61ed799ce9,20,0.5,65.91333333333334
6053c980f7612d61ed799ce9,21,0.5,66.05
6053c980f7612d61ed799ce9,22,0.5,65.94666666666666
6053c980f7612d61ed799ce9,23,0.5,65.82666666666667
6053c980f7612d61ed799ce9,24,0.5,66.05
6053c980f7612d61ed799ce9,25,0.5,65.61666666666667
6131460946d0022f68082db6,0,0.5,66.26333333333334
6131460946d0022f68082db6,1,0.5,66.14
6131460946d0022f68082db6,2,0.5,66.00333333333333
6131460946d0022f68082db6,3,0.5,66.07
6131460946d0022f68082db6,4,0.5,66.20666666666666
6131460946d0022f68082db6,5,0.5,66.00333333333333
6131460946d0022f68082db6,6,0.5,66.16666666666666
6131460946d0022f68082db6,7,0.5,65.69666666666667
6131460946d0022f68082db6,8,0.5,65.9
6131460946d0022f68082db6,9,0.5,65.9
6131460946d0022f68082db6,10,0.5,66.11666666666667
6131460946d0022f68082db6,11,0.5,66.52666666666667
6131460946d0022f68082db6,12,0.5,66.09666666666666
6131460946d0022f68082db6,13,0.5,66.07666666666667
6131460946d0022f68082db6,14,0.5,66.35333333333332
6131460946d0022f68082db6,15,0.5,66.03999999999999
6131460946d0022f68082db6,16,0.5,66.27
6131460946d0022f68082db6,17,0.5,66.04333333333334
6131460946d0022f68082db6,18,0.5,66.07
6131460946d0022f68082db6,19,0.5,65.66666666666666
6131460946d0022f68082db6,20,0.5,65.78666666666668
6131460946d0022f68082db6,21,0.5,65.75333333333333
6131460946d0022f68082db6,22,0.5,66.16666666666666
6131460946d0022f68082db6,23,0.5,66.25333333333333
611e7d1295185bf6f56fd951,0,0.5,66.26333333333334
611e7d1295185bf6f56fd951,1,0.5,66.01
611e7d1295185bf6f56fd951,2,0.5,66.3
611e7d1295185bf6f56fd951,3,0.5,66.19333333333334
611e7d1295185bf6f56fd951,4,0.5,66.53999999999999
611e7d1295185bf6f56fd951,5,0.5,66.20666666666666
611e7d1295185bf6f56fd951,6,0.5,66.52333333333334
6103ec2bf88328284fd894bc,0,0.5,66.26333333333334
6103ec2bf88328284fd894bc,1,0.5,66.34666666666666
6103ec2bf88328284fd894bc,2,0.5,65.87333333333333
6103ec2bf88328284fd894bc,3,0.5,66.31666666666666
6103ec2bf88328284fd894bc,4,0.5,65.97666666666666
6103ec2bf88328284fd894bc,5,0.5,65.96
6103ec2bf88328284fd894bc,6,0.5,66.16666666666666
6103ec2bf88328284fd894bc,7,0.5,66.13
6103ec2bf88328284fd894bc,8,0.5,65.86666666666666
6103ec2bf88328284fd894bc,9,0.5,66.10333333333334
6103ec2bf88328284fd894bc,10,0.5,65.94
6103ec2bf88328284fd894bc,11,0.5,65.88666666666667
5d1f440b3aac9200019067f1,0,0.5,66.23666666666666
5d1f440b3aac9200019067f1,1,0.5,65.97333333333333
5d1f440b3aac9200019067f1,2,0.5,66.13333333333333
5d1f440b3aac9200019067f1,3,0.5,66.14666666666666
5d1f440b3aac9200019067f1,4,0.5,65.75
5d1f440b3aac9200019067f1,5,0.5,66.28
5d1f440b3aac9200019067f1,6,0.5,65.99000000000001
5d1f440b3aac9200019067f1,7,0.5,65.99000000000001
5d1f440b3aac9200019067f1,8,0.5,66.09333333333333
5d1f440b3aac9200019067f1,9,0.5,66.10666666666667
5d1f440b3aac9200019067f1,10,0.5,66.53
5d1f440b3aac9200019067f1,11,0.5,66.47
5d1f440b3aac9200019067f1,12,0.5,66.02666666666667
5d1f440b3aac9200019067f1,13,0.5,66.19666666666667
5d1f440b3aac9200019067f1,14,0.5,65.81333333333333
5d1f440b3aac9200019067f1,15,0.5,65.71333333333334
5d1f440b3aac9200019067f1,16,0.5,65.96333333333332
5d1f440b3aac9200019067f1,17,0.5,65.87666666666667
5d1f440b3aac9200019067f1,18,0.5,65.86666666666666
5d1f440b3aac9200019067f1,19,0.5,65.76666666666667
5d1f440b3aac9200019067f1,20,0.5,66.2
5d1f440b3aac9200019067f1,21,0.5,65.71000000000001
5d1f440b3aac9200019067f1,22,0.5,65.94666666666666
5d1f440b3aac9200019067f1,23,0.5,65.63333333333333
5d1f440b3aac9200019067f1,24,0.5,65.97
5d1f440b3aac9200019067f1,25,0.5,65.79666666666667
5d1f440b3aac9200019067f1,26,0.5,65.99000000000001
5d1f440b3aac9200019067f1,27,0.5,65.95666666666666
5d1f440b3aac9200019067f1,28,0.5,65.89
5d1f440b3aac9200019067f1,29,0.5,65.64666666666666
5d1f440b3aac9200019067f1,30,0.5,65.37666666666667
5d1f440b3aac9200019067f1,31,0.5,65.89333333333333
5d1f440b3aac9200019067f1,32,0.5,65.73
5d1f440b3aac9200019067f1,33,0.5,65.93333333333334
5d1f440b3aac9200019067f1,34,0.5,65.89
5d1f440b3aac9200019067f1,35,0.5,65.53333333333333
5d1f440b3aac9200019067f1,36,0.5,65.42999999999999
5d1f440b3aac9200019067f1,37,0.5,65.53
5d1f440b3aac9200019067f1,38,0.5,65.76666666666667
5d1f440b3aac9200019067f1,39,0.5,65.63666666666667
5d1f440b3aac9200019067f1,40,0.5,65.61
5d1f440b3aac9200019067f1,41,0.5,65.66666666666666
5d1f440b3aac9200019067f1,42,0.5,65.29666666666667
5d1f440b3aac9200019067f1,43,0.5,65.57333333333332
5ea96851a879f0059741c4cb,0,0.5,66.26333333333334
5ea96851a879f0059741c4cb,1,0.5,66.14
5ea96851a879f0059741c4cb,2,0.5,66.14333333333333
5ea96851a879f0059741c4cb,3,0.5,66.24666666666667
5ea96851a879f0059741c4cb,4,0.5,66.23666666666666
5ea96851a879f0059741c4cb,5,0.5,66.18666666666667
5ea96851a879f0059741c4cb,6,0.5,65.90666666666667
5ea96851a879f0059741c4cb,7,0.5,66.05666666666666
5ea96851a879f0059741c4cb,8,0.5,66.08000000000001
5ea96851a879f0059741c4cb,9,0.5,65.98666666666666
5ea96851a879f0059741c4cb,10,0.5,66.03666666666666
5ea96851a879f0059741c4cb,11,0.5,65.93666666666667
5ea96851a879f0059741c4cb,12,0.5,65.85666666666667
5ea96851a879f0059741c4cb,13,0.5,65.91
5ea96851a879f0059741c4cb,14,0.5,66.02333333333334
5ea96851a879f0059741c4cb,15,0.5,65.78333333333333
5ea96851a879f0059741c4cb,16,0.5,65.62
5ea96851a879f0059741c4cb,17,0.5,65.82333333333334
5ea96851a879f0059741c4cb,18,0.5,65.94333333333333
5ea96851a879f0059741c4cb,19,0.5,65.48333333333333
5ea96851a879f0059741c4cb,20,0.5,66.05
5e8a39059d97d006d0bd8439,0,0.5,66.26333333333334
5e8a39059d97d006d0bd8439,1,0.5,65.81
5e8a39059d97d006d0bd8439,2,0.5,66.24333333333333
5e8a39059d97d006d0bd8439,3,0.5,65.92333333333333
5e8a39059d97d006d0bd8439,4,0.5,66.16
5e8a39059d97d006d0bd8439,5,0.5,65.81333333333333
5e8a39059d97d006d0bd8439,6,0.5,65.89666666666668
5e8a39059d97d006d0bd8439,7,0.5,65.89666666666668
5e8a39059d97d006d0bd8439,8,0.5,65.92
5e8a39059d97d006d0bd8439,9,0.5,65.75
5e8a39059d97d006d0bd8439,10,0.5,65.84333333333333
5e8a39059d97d006d0bd8439,11,0.5,65.99333333333334
5e8a39059d97d006d0bd8439,12,0.5,66.03999999999999
5e8a39059d97d006d0bd8439,13,0.5,66.10000000000001
5e8a39059d97d006d0bd8439,14,0.5,66.10333333333334
5e8a39059d97d006d0bd8439,15,0.5,66.06333333333333
5e8a39059d97d006d0bd8439,16,0.5,65.89666666666668
5e8a39059d97d006d0bd8439,17,0.5,65.89
5e8a39059d97d006d0bd8439,18,0.5,65.66666666666666
5e8a39059d97d006d0bd8439,19,0.5,65.37333333333333
5e8a39059d97d006d0bd8439,20,0.5,65.93666666666667
61090b7186e1761f97308af9,0,0.5,66.26333333333334
61090b7186e1761f97308af9,1,0.5,66.14
61090b7186e1761f97308af9,2,0.5,66.61
61090b7186e1761f97308af9,3,0.5,66.17666666666666
61090b7186e1761f97308af9,4,0.5,66.42333333333333
61090b7186e1761f97308af9,5,0.5,66.07666666666667
61090b7186e1761f97308af9,6,0.5,66.37333333333333
61090b7186e1761f97308af9,7,0.5,66.22333333333333
61090b7186e1761f97308af9,8,0.5,66.23333333333333
61090b7186e1761f97308af9,9,0.5,66.12666666666667
61090b7186e1761f97308af9,10,0.5,66.40666666666667
61090b7186e1761f97308af9,11,0.5,66.46333333333332
61090b7186e1761f97308af9,12,0.5,66.42666666666666
61090b7186e1761f97308af9,13,0.5,66.21333333333334
61090b7186e1761f97308af9,14,0.5,66.22333333333333
61090b7186e1761f97308af9,15,0.5,66.47333333333333
61090b7186e1761f97308af9,16,0.5,66.19666666666667
61090b7186e1761f97308af9,17,0.5,66.15666666666667
61090b7186e1761f97308af9,18,0.5,66.19666666666667
61065060bc55a8b70bc64d05,0,0.5,66.26333333333334
61065060bc55a8b70bc64d05,1,0.5,65.81
61065060bc55a8b70bc64d05,2,0.5,66.22333333333333
61065060bc55a8b70bc64d05,3,0.5,65.81
61065060bc55a8b70bc64d05,4,0.5,66.10333333333334
61065060bc55a8b70bc64d05,5,0.5,66.30333333333334
61065060bc55a8b70bc64d05,6,0.5,66.17
61065060bc55a8b70bc64d05,7,0.5,66.22
61065060bc55a8b70bc64d05,8,0.5,66.21000000000001
61065060bc55a8b70bc64d05,9,0.5,66.07
61065060bc55a8b70bc64d05,10,0.5,65.97
61065060bc55a8b70bc64d05,11,0.5,66.10666666666667
61065060bc55a8b70bc64d05,12,0.5,66.24666666666667
61065060bc55a8b70bc64d05,13,0.5,66.06666666666666
61065060bc55a8b70bc64d05,14,0.5,65.98
61065060bc55a8b70bc64d05,15,0.5,65.5
61065060bc55a8b70bc64d05,16,0.5,65.83666666666666
61065060bc55a8b70bc64d05,17,0.5,66.02666666666667
61065060bc55a8b70bc64d05,18,0.5,65.78666666666668
61065060bc55a8b70bc64d05,19,0.5,65.94666666666666
61065060bc55a8b70bc64d05,20,0.5,66.01333333333334
61065060bc55a8b70bc64d05,21,0.5,65.79333333333334
61065060bc55a8b70bc64d05,22,0.5,66.20666666666666
61065060bc55a8b70bc64d05,23,0.5,65.72
61065060bc55a8b70bc64d05,24,0.5,65.84
61065060bc55a8b70bc64d05,25,0.5,65.81
61065060bc55a8b70bc64d05,26,0.5,65.58333333333334
61065060bc55a8b70bc64d05,27,0.5,65.89
61065060bc55a8b70bc64d05,28,0.5,65.81
61065060bc55a8b70bc64d05,29,0.5,65.70666666666666
61065060bc55a8b70bc64d05,30,0.5,65.7
61065060bc55a8b70bc64d05,31,0.5,65.95333333333333
61065060bc55a8b70bc64d05,32,0.5,65.84
61065060bc55a8b70bc64d05,33,0.5,65.94333333333333
61065060bc55a8b70bc64d05,34,0.5,65.56
61065060bc55a8b70bc64d05,35,0.5,65.23666666666666
61065060bc55a8b70bc64d05,36,0.5,65.64666666666666
61065060bc55a8b70bc64d05,37,0.5,65.53666666666666
61065060bc55a8b70bc64d05,38,0.5,65.50333333333333
61065060bc55a8b70bc64d05,39,0.5,65.66333333333333
61065060bc55a8b70bc64d05,40,0.5,65.56333333333333
61065060bc55a8b70bc64d05,41,0.5,65.45
61065060bc55a8b70bc64d05,42,0.5,65.76333333333334
61065060bc55a8b70bc64d05,43,0.5,65.84
61065060bc55a8b70bc64d05,44,0.5,65.61666666666667
61065060bc55a8b70bc64d05,45,0.5,65.27
61065060bc55a8b70bc64d05,46,0.5,65.59333333333333
61065060bc55a8b70bc64d05,47,0.5,65.53666666666666
61065060bc55a8b70bc64d05,48,0.5,65.45666666666666
61065060bc55a8b70bc64d05,49,0.5,65.55
61065060bc55a8b70bc64d05,50,0.5,65.43333333333334
5e465ab4c07877130185c306,0,0.5,66.07333333333332
5e465ab4c07877130185c306,1,0.5,66.17
5e465ab4c07877130185c306,2,0.5,66.21333333333334
5e465ab4c07877130185c306,3,0.5,66.45666666666666
5e465ab4c07877130185c306,4,0.5,66.54666666666667
5e465ab4c07877130185c306,5,0.5,66.12666666666667
5e465ab4c07877130185c306,6,0.5,65.94333333333333
5e465ab4c07877130185c306,7,0.5,65.94666666666666
5e465ab4c07877130185c306,8,0.5,66.0
5e465ab4c07877130185c306,9,0.5,66.16
5e465ab4c07877130185c306,10,0.5,66.22666666666667
5e465ab4c07877130185c306,11,0.5,66.28
5e465ab4c07877130185c306,12,0.5,66.44333333333333
5e465ab4c07877130185c306,13,0.5,65.86333333333333
5e465ab4c07877130185c306,14,0.5,65.79333333333334
5e465ab4c07877130185c306,15,0.5,65.95
5e465ab4c07877130185c306,16,0.5,65.87333333333333
5e465ab4c07877130185c306,17,0.5,65.84333333333333
5e465ab4c07877130185c306,18,0.5,65.83333333333333
5e465ab4c07877130185c306,19,0.5,65.68333333333334
5e465ab4c07877130185c306,20,0.5,66.23333333333333
5e465ab4c07877130185c306,21,0.5,65.91666666666667
5e465ab4c07877130185c306,22,0.5,66.00333333333333
5e465ab4c07877130185c306,23,0.5,66.01
5e465ab4c07877130185c306,24,0.5,66.18333333333334
5e465ab4c07877130185c306,25,0.5,66.35333333333332
5e465ab4c07877130185c306,26,0.5,66.22
5e465ab4c07877130185c306,27,0.5,66.25
5e465ab4c07877130185c306,28,0.5,66.39
61138add299713969a18677d,0,0.5,65.88666666666667
61138add299713969a18677d,1,0.5,66.30333333333334
61138add299713969a18677d,2,0.5,66.23
61138add299713969a18677d,3,0.5,66.11333333333333
61138add299713969a18677d,4,0.5,66.11333333333333
61138add299713969a18677d,5,0.5,65.87333333333333
61138add299713969a18677d,6,0.5,66.33333333333333
61138add299713969a18677d,7,0.5,66.22666666666667
61138add299713969a18677d,8,0.5,66.14
61138add299713969a18677d,9,0.5,66.07
61138add299713969a18677d,10,0.5,66.15666666666667
61138add299713969a18677d,11,0.5,65.98666666666666
61138add299713969a18677d,12,0.5,65.87333333333333
61138add299713969a18677d,13,0.5,65.92
61138add299713969a18677d,14,0.5,66.19333333333334
61138add299713969a18677d,15,0.5,65.79333333333334
61138add299713969a18677d,16,0.5,66.10333333333334
61138add299713969a18677d,17,0.5,65.80666666666667
61138add299713969a18677d,18,0.5,66.06
61138add299713969a18677d,19,0.5,65.56
61138add299713969a18677d,20,0.5,65.9
61138add299713969a18677d,21,0.5,65.61
61138add299713969a18677d,22,0.5,65.50666666666667
61138add299713969a18677d,23,0.5,65.79666666666667
608aa72c95a49d6f70deb05e,0,0.5,66.26333333333334
608aa72c95a49d6f70deb05e,1,0.5,65.81
608aa72c95a49d6f70deb05e,2,0.5,66.22333333333333
608aa72c95a49d6f70deb05e,3,0.5,66.44666666666666
608aa72c95a49d6f70deb05e,4,0.5,66.02666666666667
608aa72c95a49d6f70deb05e,5,0.5,66.32000000000001
608aa72c95a49d6f70deb05e,6,0.5,66.10000000000001
608aa72c95a49d6f70deb05e,7,0.5,66.27
608aa72c95a49d6f70deb05e,8,0.5,66.36
608aa18a3c2dfd212a1a77a9,0,0.5,65.88666666666667
608aa18a3c2dfd212a1a77a9,1,0.5,66.11666666666667
608aa18a3c2dfd212a1a77a9,2,0.5,66.19
608aa18a3c2dfd212a1a77a9,3,0.5,65.81333333333333
608aa18a3c2dfd212a1a77a9,4,0.5,66.06
608aa18a3c2dfd212a1a77a9,5,0.5,66.18666666666667
608aa18a3c2dfd212a1a77a9,6,0.5,65.99666666666667
608aa18a3c2dfd212a1a77a9,7,0.5,66.31666666666666
608aa18a3c2dfd212a1a77a9,8,0.5,65.88666666666667
608aa18a3c2dfd212a1a77a9,9,0.5,65.79333333333334
608aa18a3c2dfd212a1a77a9,10,0.5,66.13666666666667
608aa18a3c2dfd212a1a77a9,11,0.5,66.21000000000001
608aa18a3c2dfd212a1a77a9,12,0.5,66.36333333333333
608aa18a3c2dfd212a1a77a9,13,0.5,65.93
608aa18a3c2dfd212a1a77a9,14,0.5,65.82333333333334
608aa18a3c2dfd212a1a77a9,15,0.5,65.82333333333334
608aa18a3c2dfd212a1a77a9,16,0.5,65.69
608aa18a3c2dfd212a1a77a9,17,0.5,66.01
608aa18a3c2dfd212a1a77a9,18,0.5,65.75
608aa18a3c2dfd212a1a77a9,19,0.5,65.83333333333333
608aa18a3c2dfd212a1a77a9,20,0.5,65.94
608aa18a3c2dfd212a1a77a9,21,0.5,65.72
608aa18a3c2dfd212a1a77a9,22,0.5,65.83333333333333
608aa18a3c2dfd212a1a77a9,23,0.5,65.85666666666667
608aa18a3c2dfd212a1a77a9,24,0.5,66.08666666666667
608aa18a3c2dfd212a1a77a9,25,0.5,65.89666666666668
608aa18a3c2dfd212a1a77a9,26,0.5,65.93
608aa18a3c2dfd212a1a77a9,27,0.5,65.68
608aa18a3c2dfd212a1a77a9,28,0.5,65.59666666666666
608aa18a3c2dfd212a1a77a9,29,0.5,65.78
608aa18a3c2dfd212a1a77a9,30,0.5,65.67
608aa18a3c2dfd212a1a77a9,31,0.5,65.46333333333332
608aa18a3c2dfd212a1a77a9,32,0.5,65.70333333333333
608aa18a3c2dfd212a1a77a9,33,0.5,65.62
608aa18a3c2dfd212a1a77a9,34,0.5,65.59666666666666
608aa18a3c2dfd212a1a77a9,35,0.5,65.94
608aa18a3c2dfd212a1a77a9,36,0.5,65.84666666666666
608aa18a3c2dfd212a1a77a9,37,0.5,65.57
608aa18a3c2dfd212a1a77a9,38,0.5,65.62
608aa18a3c2dfd212a1a77a9,39,0.5,65.84333333333333
608aa18a3c2dfd212a1a77a9,40,0.5,65.40666666666667
608aa18a3c2dfd212a1a77a9,41,0.5,65.47666666666667
608aa18a3c2dfd212a1a77a9,42,0.5,65.69666666666667
608aa18a3c2dfd212a1a77a9,43,0.5,65.70666666666666
5f02fbee212873485f6ce5b8,0,0.5,66.07333333333332
5eee30178ad8d20a8354fbac,0,0.5,65.88333333333334
5eee30178ad8d20a8354fbac,1,0.5,66.11666666666667
5eee30178ad8d20a8354fbac,2,0.5,65.97666666666666
5eee30178ad8d20a8354fbac,3,0.5,66.08000000000001
5eee30178ad8d20a8354fbac,4,0.5,65.61333333333333
5eee30178ad8d20a8354fbac,5,0.5,65.84
5eee30178ad8d20a8354fbac,6,0.5,65.64999999999999
5eee30178ad8d20a8354fbac,7,0.5,66.03999999999999
5eee30178ad8d20a8354fbac,8,0.5,66.14
5eee30178ad8d20a8354fbac,9,0.5,65.8
5eee30178ad8d20a8354fbac,10,0.5,65.83333333333333
61528e4039817788730f3263,0,0.5,66.07
61528e4039817788730f3263,1,0.5,65.91666666666667
61528e4039817788730f3263,2,0.5,66.12666666666667
61528e4039817788730f3263,3,0.5,66.08000000000001
61528e4039817788730f3263,4,0.5,66.18
61528e4039817788730f3263,5,0.5,65.87333333333333
61528e4039817788730f3263,6,0.5,66.07666666666667
61528e4039817788730f3263,7,0.5,65.90666666666667
61528e4039817788730f3263,8,0.5,66.02333333333334
61528e4039817788730f3263,9,0.5,66.30333333333334
61528e4039817788730f3263,10,0.5,66.45333333333333
61528e4039817788730f3263,11,0.5,65.98
61528e4039817788730f3263,12,0.5,66.08666666666667
61528e4039817788730f3263,13,0.5,65.79333333333334
61528e4039817788730f3263,14,0.5,65.65666666666667
61528e4039817788730f3263,15,0.5,65.88666666666667
61528e4039817788730f3263,16,0.5,65.61
60fbdc84b5cf124b05ece11b,0,0.5,65.98
60fbdc84b5cf124b05ece11b,1,0.5,66.01
60fbdc84b5cf124b05ece11b,2,0.5,66.35666666666667
60fbdc84b5cf124b05ece11b,3,0.5,66.05
60fbdc84b5cf124b05ece11b,4,0.5,66.12
60fbdc84b5cf124b05ece11b,5,0.5,66.17666666666666
60fbdc84b5cf124b05ece11b,6,0.5,65.92
60fbdc84b5cf124b05ece11b,7,0.5,65.85666666666667
60fbdc84b5cf124b05ece11b,8,0.5,66.11
60fbdc84b5cf124b05ece11b,9,0.5,66.12666666666667
60fbdc84b5cf124b05ece11b,10,0.5,66.25
60fbdc84b5cf124b05ece11b,11,0.5,66.05333333333333
60fbdc84b5cf124b05ece11b,12,0.5,66.09333333333333
60fbdc84b5cf124b05ece11b,13,0.5,66.26333333333334
60fbdc84b5cf124b05ece11b,14,0.5,66.12333333333333
60fbdc84b5cf124b05ece11b,15,0.5,66.51
60fbdc84b5cf124b05ece11b,16,0.5,66.04333333333334
60fbdc84b5cf124b05ece11b,17,0.5,66.02
60fbdc84b5cf124b05ece11b,18,0.5,65.76666666666667
60fbdc84b5cf124b05ece11b,19,0.5,66.07666666666667
60fbdc84b5cf124b05ece11b,20,0.5,65.97
60fbdc84b5cf124b05ece11b,21,0.5,65.79
60fbdc84b5cf124b05ece11b,22,0.5,65.7
60fbdc84b5cf124b05ece11b,23,0.5,65.82666666666667
60fbdc84b5cf124b05ece11b,24,0.5,65.85333333333332
60fbdc84b5cf124b05ece11b,25,0.5,66.0
60fbdc84b5cf124b05ece11b,26,0.5,65.86333333333333
60fbdc84b5cf124b05ece11b,27,0.5,65.69666666666667
60fbdc84b5cf124b05ece11b,28,0.5,65.95333333333333
60fbdc84b5cf124b05ece11b,29,0.5,65.81
5ebed23204aa470f9e1299bb,0,0.5,66.07333333333332
5ebed23204aa470f9e1299bb,1,0.5,65.81
5ebed23204aa470f9e1299bb,2,0.5,66.12
5ebed23204aa470f9e1299bb,3,0.5,65.98333333333333
5ebed23204aa470f9e1299bb,4,0.5,66.01666666666667
5ebed23204aa470f9e1299bb,5,0.5,65.80666666666667
5ebed23204aa470f9e1299bb,6,0.5,65.95666666666666
5ebed23204aa470f9e1299bb,7,0.5,65.92
5ebed23204aa470f9e1299bb,8,0.5,66.20666666666666
5ebed23204aa470f9e1299bb,9,0.5,65.72666666666666
5ebed23204aa470f9e1299bb,10,0.5,65.82333333333334
5ebed23204aa470f9e1299bb,11,0.5,65.87666666666667
5ebed23204aa470f9e1299bb,12,0.5,65.81333333333333
5ebed23204aa470f9e1299bb,13,0.5,65.75999999999999
5ebed23204aa470f9e1299bb,14,0.5,65.62333333333333
5ebed23204aa470f9e1299bb,15,0.5,65.47666666666667
5ebed23204aa470f9e1299bb,16,0.5,65.72
5ebed23204aa470f9e1299bb,17,0.5,65.62666666666667
5ebed23204aa470f9e1299bb,18,0.5,65.75999999999999
5ebed23204aa470f9e1299bb,19,0.5,65.52666666666667
5ebed23204aa470f9e1299bb,20,0.5,65.29666666666667
5ebed23204aa470f9e1299bb,21,0.5,65.62666666666667
5ebed23204aa470f9e1299bb,22,0.5,65.14
5ebed23204aa470f9e1299bb,23,0.5,65.72
5ebed23204aa470f9e1299bb,24,0.5,65.39333333333333
5ebed23204aa470f9e1299bb,25,0.5,65.45
5ebed23204aa470f9e1299bb,26,0.5,65.62666666666667
5ebed23204aa470f9e1299bb,27,0.5,65.63333333333333
5ebed23204aa470f9e1299bb,28,0.5,65.83666666666666
613a98d6fcbac0ce210ec3e6,0,0.5,65.88666666666667
613a98d6fcbac0ce210ec3e6,1,0.5,66.30333333333334
613a98d6fcbac0ce210ec3e6,2,0.5,66.23
613a98d6fcbac0ce210ec3e6,3,0.5,66.33666666666667
613a98d6fcbac0ce210ec3e6,4,0.5,66.13333333333333
613a98d6fcbac0ce210ec3e6,5,0.5,66.12666666666667
613a98d6fcbac0ce210ec3e6,6,0.5,66.00333333333333
613a98d6fcbac0ce210ec3e6,7,0.5,66.26666666666667
613a98d6fcbac0ce210ec3e6,8,0.5,66.30333333333334
613a98d6fcbac0ce210ec3e6,9,0.5,66.18666666666667
613a98d6fcbac0ce210ec3e6,10,0.5,66.42666666666666
613a98d6fcbac0ce210ec3e6,11,0.5,66.11
613a98d6fcbac0ce210ec3e6,12,0.5,65.98333333333333
613a98d6fcbac0ce210ec3e6,13,0.5,66.01666666666667
613a98d6fcbac0ce210ec3e6,14,0.5,66.09666666666666
613a98d6fcbac0ce210ec3e6,15,0.5,66.02666666666667
613a98d6fcbac0ce210ec3e6,16,0.5,65.9
613a98d6fcbac0ce210ec3e6,17,0.5,66.11333333333333
613a98d6fcbac0ce210ec3e6,18,0.5,65.86
613a98d6fcbac0ce210ec3e6,19,0.5,65.93
613a98d6fcbac0ce210ec3e6,20,0.5,66.09333333333333
613a98d6fcbac0ce210ec3e6,21,0.5,66.03999999999999
613a98d6fcbac0ce210ec3e6,22,0.5,66.00333333333333
613a98d6fcbac0ce210ec3e6,23,0.5,65.96666666666667
613a98d6fcbac0ce210ec3e6,24,0.5,65.85666666666667
613a98d6fcbac0ce210ec3e6,25,0.5,65.61
613a98d6fcbac0ce210ec3e6,26,0.5,65.89333333333333
613a98d6fcbac0ce210ec3e6,27,0.5,65.77333333333333
613a98d6fcbac0ce210ec3e6,28,0.5,65.80333333333334
613a98d6fcbac0ce210ec3e6,29,0.5,65.53666666666666
613a98d6fcbac0ce210ec3e6,30,0.5,65.93
613a98d6fcbac0ce210ec3e6,31,0.5,65.52666666666667
613a98d6fcbac0ce210ec3e6,32,0.5,65.47666666666667
613a98d6fcbac0ce210ec3e6,33,0.5,65.74666666666667
613a98d6fcbac0ce210ec3e6,34,0.5,65.31333333333333
613a98d6fcbac0ce210ec3e6,35,0.5,66.00333333333333
613a98d6fcbac0ce210ec3e6,36,0.5,65.8
613a98d6fcbac0ce210ec3e6,37,0.5,65.78333333333333
613a98d6fcbac0ce210ec3e6,38,0.5,65.57
613a98d6fcbac0ce210ec3e6,39,0.5,65.72666666666666
613a98d6fcbac0ce210ec3e6,40,0.5,65.47
613a98d6fcbac0ce210ec3e6,41,0.5,65.88333333333334
613a98d6fcbac0ce210ec3e6,42,0.5,65.80666666666667
613a98d6fcbac0ce210ec3e6,43,0.5,65.7
613a98d6fcbac0ce210ec3e6,44,0.5,65.58
613a98d6fcbac0ce210ec3e6,45,0.5,65.9
613a98d6fcbac0ce210ec3e6,46,0.5,65.57
613a98d6fcbac0ce210ec3e6,47,0.5,65.81666666666666
613a98d6fcbac0ce210ec3e6,48,0.5,65.89
613a98d6fcbac0ce210ec3e6,49,0.5,65.59
613a98d6fcbac0ce210ec3e6,50,0.5,65.52333333333334
613a98d6fcbac0ce210ec3e6,51,0.5,65.63333333333333
613a98d6fcbac0ce210ec3e6,52,0.5,65.53666666666666
613a98d6fcbac0ce210ec3e6,53,0.5,65.49333333333334
613a98d6fcbac0ce210ec3e6,54,0.5,65.72666666666666
613a98d6fcbac0ce210ec3e6,55,0.5,65.59666666666666
613a98d6fcbac0ce210ec3e6,56,0.5,65.79333333333334
613a98d6fcbac0ce210ec3e6,57,0.5,65.8
61320a26c3013321c8d54600,0,0.5,66.26333333333334
61320a26c3013321c8d54600,1,0.5,66.14
61320a26c3013321c8d54600,2,0.5,66.61
61320a26c3013321c8d54600,3,0.5,66.18333333333334
61320a26c3013321c8d54600,4,0.5,65.89
61320a26c3013321c8d54600,5,0.5,66.35
61320a26c3013321c8d54600,6,0.5,66.23333333333333
61320a26c3013321c8d54600,7,0.5,66.02666666666667
61320a26c3013321c8d54600,8,0.5,66.21000000000001
61320a26c3013321c8d54600,9,0.5,66.00333333333333
6033acf84fec17043ffef374,0,0.5,66.23666666666666
6033acf84fec17043ffef374,1,0.5,66.28666666666668
6033acf84fec17043ffef374,2,0.5,66.22
6033acf84fec17043ffef374,3,0.5,66.12
6033acf84fec17043ffef374,4,0.5,66.16
6033acf84fec17043ffef374,5,0.5,66.22333333333333
6033acf84fec17043ffef374,6,0.5,66.04666666666667
6033acf84fec17043ffef374,7,0.5,66.09
6033acf84fec17043ffef374,8,0.5,66.05666666666666
6033acf84fec17043ffef374,9,0.5,65.99000000000001
6033acf84fec17043ffef374,10,0.5,66.02333333333334
6033acf84fec17043ffef374,11,0.5,66.18666666666667
6033acf84fec17043ffef374,12,0.5,65.97
6033acf84fec17043ffef374,13,0.5,65.60333333333334
6033acf84fec17043ffef374,14,0.5,66.09333333333333
6033acf84fec17043ffef374,15,0.5,66.14333333333333
6033acf84fec17043ffef374,16,0.5,65.98333333333333
6033acf84fec17043ffef374,17,0.5,66.28333333333333
6033acf84fec17043ffef374,18,0.5,65.93
6033acf84fec17043ffef374,19,0.5,65.84666666666666
6033acf84fec17043ffef374,20,0.5,66.14666666666666
6033acf84fec17043ffef374,21,0.5,66.11666666666667
6033acf84fec17043ffef374,22,0.5,65.84
6033acf84fec17043ffef374,23,0.5,65.84666666666666
6033acf84fec17043ffef374,24,0.5,65.64333333333333
6033acf84fec17043ffef374,25,0.5,65.85333333333332
6033acf84fec17043ffef374,26,0.5,65.85333333333332
6033acf84fec17043ffef374,27,0.5,65.45
6033acf84fec17043ffef374,28,0.5,65.98666666666666
6033acf84fec17043ffef374,29,0.5,65.84666666666666
6033acf84fec17043ffef374,30,0.5,65.83666666666666
6033acf84fec17043ffef374,31,0.5,65.91
6033acf84fec17043ffef374,32,0.5,65.90666666666667
6033acf84fec17043ffef374,33,0.5,65.92666666666666
6033acf84fec17043ffef374,34,0.5,65.64999999999999
6033acf84fec17043ffef374,35,0.5,65.37666666666667
6033acf84fec17043ffef374,36,0.5,65.68333333333334
6033acf84fec17043ffef374,37,0.5,65.94666666666666
6033acf84fec17043ffef374,38,0.5,66.08666666666667
6033acf84fec17043ffef374,39,0.5,65.54333333333334
6033acf84fec17043ffef374,40,0.5,65.95333333333333
6033acf84fec17043ffef374,41,0.5,65.70666666666666
6033acf84fec17043ffef374,42,0.5,65.70333333333333
6033acf84fec17043ffef374,43,0.5,65.67
6033acf84fec17043ffef374,44,0.5,66.05333333333333
6033acf84fec17043ffef374,45,0.5,65.42333333333333
6033acf84fec17043ffef374,46,0.5,65.97333333333333
6033acf84fec17043ffef374,47,0.5,65.62666666666667
6033acf84fec17043ffef374,48,0.5,65.63333333333333
6033acf84fec17043ffef374,49,0.5,65.56666666666666
6033acf84fec17043ffef374,50,0.5,65.59333333333333
6033acf84fec17043ffef374,51,0.5,65.63333333333333
6033acf84fec17043ffef374,52,0.5,65.69333333333334
6033acf84fec17043ffef374,53,0.5,65.93
6033acf84fec17043ffef374,54,0.5,65.52333333333334
6033acf84fec17043ffef374,55,0.5,65.94666666666666
6033acf84fec17043ffef374,56,0.5,65.36666666666666
6033acf84fec17043ffef374,57,0.5,65.48
6033acf84fec17043ffef374,58,0.5,65.59666666666666
6033acf84fec17043ffef374,59,0.5,65.75999999999999
6033acf84fec17043ffef374,60,0.5,65.71333333333334
6033acf84fec17043ffef374,61,0.5,65.34666666666666
6033acf84fec17043ffef374,62,0.5,65.35333333333332
6033acf84fec17043ffef374,63,0.5,65.41333333333334
6033acf84fec17043ffef374,64,0.5,65.17333333333333
6033acf84fec17043ffef374,65,0.5,65.37666666666667
6033acf84fec17043ffef374,66,0.5,65.13666666666667
6033acf84fec17043ffef374,67,0.5,64.99333333333334
6033acf84fec17043ffef374,68,0.5,65.29
6033acf84fec17043ffef374,69,0.5,65.14999999999999
6033acf84fec17043ffef374,70,0.5,64.78666666666668
6033acf84fec17043ffef374,71,0.5,65.33666666666666
6033acf84fec17043ffef374,72,0.5,64.94333333333333
6033acf84fec17043ffef374,73,0.5,65.12
6033acf84fec17043ffef374,74,0.5,65.28
6033acf84fec17043ffef374,75,0.5,65.16999999999999
608ac15b0fd53965a32e5384,0,0.5,66.02333333333334
608ac15b0fd53965a32e5384,1,0.5,66.23
608ac15b0fd53965a32e5384,2,0.5,66.11666666666667
608ac15b0fd53965a32e5384,3,0.5,66.12
608ac15b0fd53965a32e5384,4,0.5,65.97
608ac15b0fd53965a32e5384,5,0.5,66.09333333333333
608ac15b0fd53965a32e5384,6,0.5,65.85666666666667
608ac15b0fd53965a32e5384,7,0.5,65.67
608ac15b0fd53965a32e5384,8,0.5,66.07666666666667
608ac15b0fd53965a32e5384,9,0.5,65.67
608ac15b0fd53965a32e5384,10,0.5,65.75333333333333
608ac15b0fd53965a32e5384,11,0.5,65.87666666666667
608ac15b0fd53965a32e5384,12,0.5,65.60000000000001
616db113a87ceedca7fbf94a,0,0.5,66.26333333333334
616db113a87ceedca7fbf94a,1,0.5,65.81
616db113a87ceedca7fbf94a,2,0.5,66.22333333333333
616db113a87ceedca7fbf94a,3,0.5,65.97666666666666
616db113a87ceedca7fbf94a,4,0.5,66.28333333333333
616db113a87ceedca7fbf94a,5,0.5,66.05333333333333
616db113a87ceedca7fbf94a,6,0.5,66.22
616db113a87ceedca7fbf94a,7,0.5,66.29
616db113a87ceedca7fbf94a,8,0.5,66.02666666666667
616db113a87ceedca7fbf94a,9,0.5,66.09333333333333
616db113a87ceedca7fbf94a,10,0.5,66.33
616db113a87ceedca7fbf94a,11,0.5,66.09333333333333
616db113a87ceedca7fbf94a,12,0.5,66.17333333333333
616db113a87ceedca7fbf94a,13,0.5,66.24
6150ca3f37e1fe330f70311d,0,0.5,66.07333333333332
6150ca3f37e1fe330f70311d,1,0.5,65.81
6150ca3f37e1fe330f70311d,2,0.5,65.86333333333333
6150ca3f37e1fe330f70311d,3,0.5,66.03333333333333
6150ca3f37e1fe330f70311d,4,0.5,66.02666666666667
6150ca3f37e1fe330f70311d,5,0.5,65.94333333333333
6150ca3f37e1fe330f70311d,6,0.5,66.12666666666667
6150ca3f37e1fe330f70311d,7,0.5,66.14999999999999
6150ca3f37e1fe330f70311d,8,0.5,66.02666666666667
6150ca3f37e1fe330f70311d,9,0.5,66.39
6150ca3f37e1fe330f70311d,10,0.5,65.89333333333333
616093ab4117242c856402c6,0,0.5,66.00333333333333
616093ab4117242c856402c6,1,0.5,65.88000000000001
616093ab4117242c856402c6,2,0.5,65.99000000000001
616093ab4117242c856402c6,3,0.5,66.38666666666667
616093ab4117242c856402c6,4,0.5,66.0
616093ab4117242c856402c6,5,0.5,66.00333333333333
616093ab4117242c856402c6,6,0.5,65.96
59cbe23a916c4d0001094710,0,0.5,66.07333333333332
59cbe23a916c4d0001094710,1,0.5,66.28666666666668
59cbe23a916c4d0001094710,2,0.5,66.22
59cbe23a916c4d0001094710,3,0.5,66.23333333333333
59cbe23a916c4d0001094710,4,0.5,66.07666666666667
59cbe23a916c4d0001094710,5,0.5,66.04333333333334
59cbe23a916c4d0001094710,6,0.5,66.11666666666667
59cbe23a916c4d0001094710,7,0.5,66.36
59cbe23a916c4d0001094710,8,0.5,65.92666666666666
59cbe23a916c4d0001094710,9,0.5,65.93
59cbe23a916c4d0001094710,10,0.5,65.75
59cbe23a916c4d0001094710,11,0.5,65.52
59cbe23a916c4d0001094710,12,0.5,65.83333333333333
59cbe23a916c4d0001094710,13,0.5,65.74666666666667
59cbe23a916c4d0001094710,14,0.5,66.07666666666667
59cbe23a916c4d0001094710,15,0.5,65.90333333333334
59cbe23a916c4d0001094710,16,0.5,65.49333333333334
59cbe23a916c4d0001094710,17,0.5,66.01666666666667
59cbe23a916c4d0001094710,18,0.5,65.63333333333333
59cbe23a916c4d0001094710,19,0.5,66.14333333333333
59cbe23a916c4d0001094710,20,0.5,65.76666666666667
59cbe23a916c4d0001094710,21,0.5,65.86666666666666
59cbe23a916c4d0001094710,22,0.5,65.98666666666666
59cbe23a916c4d0001094710,23,0.5,66.0
59cbe23a916c4d0001094710,24,0.5,65.46333333333332
59cbe23a916c4d0001094710,25,0.5,66.04333333333334
59cbe23a916c4d0001094710,26,0.5,65.7
59cbe23a916c4d0001094710,27,0.5,65.89666666666668
59cbe23a916c4d0001094710,28,0.5,65.69666666666667
59cbe23a916c4d0001094710,29,0.5,65.82000000000001
59cbe23a916c4d0001094710,30,0.5,65.79333333333334
59cbe23a916c4d0001094710,31,0.5,65.67333333333333
59cbe23a916c4d0001094710,32,0.5,65.69666666666667
59cbe23a916c4d0001094710,33,0.5,65.66
59cbe23a916c4d0001094710,34,0.5,65.74333333333333
59cbe23a916c4d0001094710,35,0.5,66.22
59cbe23a916c4d0001094710,36,0.5,65.85
59cbe23a916c4d0001094710,37,0.5,65.62333333333333
59cbe23a916c4d0001094710,38,0.5,66.34333333333333
59cbe23a916c4d0001094710,39,0.5,65.69666666666667
59cbe23a916c4d0001094710,40,0.5,65.90333333333334
59cbe23a916c4d0001094710,41,0.5,65.80666666666667
59cbe23a916c4d0001094710,42,0.5,65.83333333333333
59cbe23a916c4d0001094710,43,0.5,65.86999999999999
59cbe23a916c4d0001094710,44,0.5,65.63666666666667
59cbe23a916c4d0001094710,45,0.5,65.72333333333333
59cbe23a916c4d0001094710,46,0.5,65.82666666666667
59cbe23a916c4d0001094710,47,0.5,65.36
59cbe23a916c4d0001094710,48,0.5,65.72333333333333
59cbe23a916c4d0001094710,49,0.5,65.77
59cbe23a916c4d0001094710,50,0.5,65.41
59cbe23a916c4d0001094710,51,0.5,65.56666666666666
59cbe23a916c4d0001094710,52,0.5,65.61
59cbe23a916c4d0001094710,53,0.5,65.94333333333333
59cbe23a916c4d0001094710,54,0.5,65.68
59cbe23a916c4d0001094710,55,0.5,65.76333333333334
59cbe23a916c4d0001094710,56,0.5,65.68666666666667
59cbe23a916c4d0001094710,57,0.5,65.58666666666667
612288702a5316519e4e9602,0,0.5,66.07333333333332
612288702a5316519e4e9602,1,0.5,66.31666666666666
612288702a5316519e4e9602,2,0.5,66.36999999999999
612288702a5316519e4e9602,3,0.5,66.07666666666667
612288702a5316519e4e9602,4,0.5,66.46333333333332
612288702a5316519e4e9602,5,0.5,66.2
612288702a5316519e4e9602,6,0.5,66.2
612288702a5316519e4e9602,7,0.5,65.75666666666666
612288702a5316519e4e9602,8,0.5,66.07333333333332
612288702a5316519e4e9602,9,0.5,66.17333333333333
612288702a5316519e4e9602,10,0.5,66.07666666666667
612288702a5316519e4e9602,11,0.5,65.7
612288702a5316519e4e9602,12,0.5,65.93333333333334
612288702a5316519e4e9602,13,0.5,65.83333333333333
612288702a5316519e4e9602,14,0.5,65.86999999999999
6124d49e3031bec395675af2,0,0.5,66.07333333333332
6124d49e3031bec395675af2,1,0.5,65.81
6124d49e3031bec395675af2,2,0.5,65.86333333333333
6124d49e3031bec395675af2,3,0.5,65.96333333333332
6124d49e3031bec395675af2,4,0.5,65.93666666666667
6124d49e3031bec395675af2,5,0.5,66.45666666666666
6124d49e3031bec395675af2,6,0.5,65.88666666666667
6124d49e3031bec395675af2,7,0.5,66.24333333333333
6124d49e3031bec395675af2,8,0.5,65.76333333333334
6124d49e3031bec395675af2,9,0.5,65.93
6124d49e3031bec395675af2,10,0.5,66.04666666666667
6124d49e3031bec395675af2,11,0.5,65.8
6124d49e3031bec395675af2,12,0.5,66.07333333333332
6124d49e3031bec395675af2,13,0.5,65.64
6124d49e3031bec395675af2,14,0.5,65.97666666666666
6124d49e3031bec395675af2,15,0.5,65.85666666666667
6124d49e3031bec395675af2,16,0.5,66.12333333333333
6124d49e3031bec395675af2,17,0.5,65.94666666666666
6124d49e3031bec395675af2,18,0.5,65.67333333333333
6124d49e3031bec395675af2,19,0.5,65.69666666666667
6124d49e3031bec395675af2,20,0.5,65.83
6124d49e3031bec395675af2,21,0.5,65.81333333333333
6124d49e3031bec395675af2,22,0.5,65.55333333333333
6124d49e3031bec395675af2,23,0.5,65.89333333333333
6124d49e3031bec395675af2,24,0.5,66.02
6124d49e3031bec395675af2,25,0.5,65.59333333333333
6124d49e3031bec395675af2,26,0.5,65.52666666666667
6124d49e3031bec395675af2,27,0.5,65.86999999999999
6124d49e3031bec395675af2,28,0.5,65.69
6124d49e3031bec395675af2,29,0.5,65.82000000000001
6124d49e3031bec395675af2,30,0.5,65.54666666666667
6124d49e3031bec395675af2,31,0.5,65.89
6124d49e3031bec395675af2,32,0.5,65.5
61516f157092b66018472a2f,0,0.5,65.88666666666667
61516f157092b66018472a2f,1,0.5,66.11666666666667
61516f157092b66018472a2f,2,0.5,66.19
61516f157092b66018472a2f,3,0.5,66.17333333333333
61516f157092b66018472a2f,4,0.5,66.25
61516f157092b66018472a2f,5,0.5,65.79
61516f157092b66018472a2f,6,0.5,65.93333333333334
61516f157092b66018472a2f,7,0.5,65.7
61516f157092b66018472a2f,8,0.5,66.18333333333334
61516f157092b66018472a2f,9,0.5,66.16
61516f157092b66018472a2f,10,0.5,65.98
61516f157092b66018472a2f,11,0.5,65.94666666666666
61516f157092b66018472a2f,12,0.5,66.18
61516f157092b66018472a2f,13,0.5,65.94666666666666
61516f157092b66018472a2f,14,0.5,65.83
61516f157092b66018472a2f,15,0.5,65.80666666666667
61516f157092b66018472a2f,16,0.5,65.73
61516f157092b66018472a2f,17,0.5,65.71000000000001
61516f157092b66018472a2f,18,0.5,66.02333333333334
61516f157092b66018472a2f,19,0.5,65.63333333333333
61516f157092b66018472a2f,20,0.5,65.90666666666667
61516f157092b66018472a2f,21,0.5,66.05666666666666
61516f157092b66018472a2f,22,0.5,66.25666666666666
61516f157092b66018472a2f,23,0.5,65.82000000000001
61516f157092b66018472a2f,24,0.5,65.79666666666667
61516f157092b66018472a2f,25,0.5,65.69
61516f157092b66018472a2f,26,0.5,65.58333333333334
5f315855cb8aea6276244c19,0,0.5,65.90666666666667
5f315855cb8aea6276244c19,1,0.5,66.17333333333333
5f315855cb8aea6276244c19,2,0.5,66.57666666666667
5f315855cb8aea6276244c19,3,0.5,66.24333333333333
5f315855cb8aea6276244c19,4,0.5,66.11333333333333
5f315855cb8aea6276244c19,5,0.5,65.86333333333333
5f315855cb8aea6276244c19,6,0.5,66.06333333333333
5f315855cb8aea6276244c19,7,0.5,65.86333333333333
5f315855cb8aea6276244c19,8,0.5,65.7
5f315855cb8aea6276244c19,9,0.5,65.75333333333333
5f315855cb8aea6276244c19,10,0.5,65.82666666666667
5f315855cb8aea6276244c19,11,0.5,65.91666666666667
5f315855cb8aea6276244c19,12,0.5,65.61333333333333
5f28221bb87bb70bb9731f2c,0,0.5,66.26333333333334
5f28221bb87bb70bb9731f2c,1,0.5,66.14
5f28221bb87bb70bb9731f2c,2,0.5,66.61
5f28221bb87bb70bb9731f2c,3,0.5,66.18333333333334
5f28221bb87bb70bb9731f2c,4,0.5,65.89
5f28221bb87bb70bb9731f2c,5,0.5,66.35
5f28221bb87bb70bb9731f2c,6,0.5,66.16666666666666
5f28221bb87bb70bb9731f2c,7,0.5,66.27666666666666
5f28221bb87bb70bb9731f2c,8,0.5,65.93
5f28221bb87bb70bb9731f2c,9,0.5,66.23333333333333
5f28221bb87bb70bb9731f2c,10,0.5,66.03666666666666
5f28221bb87bb70bb9731f2c,11,0.5,66.16
5f28221bb87bb70bb9731f2c,12,0.5,66.44333333333333
5f28221bb87bb70bb9731f2c,13,0.5,66.22
5f28221bb87bb70bb9731f2c,14,0.5,65.79
5f28221bb87bb70bb9731f2c,15,0.5,65.92333333333333
5f28221bb87bb70bb9731f2c,16,0.5,66.12666666666667
5f28221bb87bb70bb9731f2c,17,0.5,66.50666666666667
5f28221bb87bb70bb9731f2c,18,0.5,66.10666666666667
5f28221bb87bb70bb9731f2c,19,0.5,66.3
5f28221bb87bb70bb9731f2c,20,0.5,66.52333333333334
5f28221bb87bb70bb9731f2c,21,0.5,66.03999999999999
5f28221bb87bb70bb9731f2c,22,0.5,66.14666666666666
5f28221bb87bb70bb9731f2c,23,0.5,66.11
5f28221bb87bb70bb9731f2c,24,0.5,66.20666666666666
5f28221bb87bb70bb9731f2c,25,0.5,66.38666666666667
5f28221bb87bb70bb9731f2c,26,0.5,66.00666666666667
5f28221bb87bb70bb9731f2c,27,0.5,66.39333333333333
5f28221bb87bb70bb9731f2c,28,0.5,66.0
5f28221bb87bb70bb9731f2c,29,0.5,66.16333333333333
5f28221bb87bb70bb9731f2c,30,0.5,65.89
5f28221bb87bb70bb9731f2c,31,0.5,66.18
5f28221bb87bb70bb9731f2c,32,0.5,66.42333333333333
5f28221bb87bb70bb9731f2c,33,0.5,65.75999999999999
5f28221bb87bb70bb9731f2c,34,0.5,66.19666666666667
5f28221bb87bb70bb9731f2c,35,0.5,65.88333333333334
5f28221bb87bb70bb9731f2c,36,0.5,65.93666666666667
5f28221bb87bb70bb9731f2c,37,0.5,66.25666666666666
5f28221bb87bb70bb9731f2c,38,0.5,66.16333333333333
5f28221bb87bb70bb9731f2c,39,0.5,66.06
5f28221bb87bb70bb9731f2c,40,0.5,65.81333333333333
5f28221bb87bb70bb9731f2c,41,0.5,66.12
5f28221bb87bb70bb9731f2c,42,0.5,65.95
5f28221bb87bb70bb9731f2c,43,0.5,65.9
5f28221bb87bb70bb9731f2c,44,0.5,66.34333333333333
5f28221bb87bb70bb9731f2c,45,0.5,65.81666666666666
5f28221bb87bb70bb9731f2c,46,0.5,66.03666666666666
5f28221bb87bb70bb9731f2c,47,0.5,65.86666666666666
5f28221bb87bb70bb9731f2c,48,0.5,65.93333333333334
6161bdbff67e4b4621b530e7,0,0.5,66.26333333333334
6161bdbff67e4b4621b530e7,1,0.5,66.14
6161bdbff67e4b4621b530e7,2,0.5,66.61
6161bdbff67e4b4621b530e7,3,0.5,66.18333333333334
6161bdbff67e4b4621b530e7,4,0.5,65.89
6161bdbff67e4b4621b530e7,5,0.5,66.0
6161bdbff67e4b4621b530e7,6,0.5,65.99666666666667
6161bdbff67e4b4621b530e7,7,0.5,65.89666666666668
6161bdbff67e4b4621b530e7,8,0.5,66.24333333333333
6161bdbff67e4b4621b530e7,9,0.5,66.37666666666667
6161bdbff67e4b4621b530e7,10,0.5,66.25
6161bdbff67e4b4621b530e7,11,0.5,66.29
6161bdbff67e4b4621b530e7,12,0.5,66.50333333333333
6161bdbff67e4b4621b530e7,13,0.5,66.25
6161bdbff67e4b4621b530e7,14,0.5,66.26666666666667
6161bdbff67e4b4621b530e7,15,0.5,66.43333333333334
61687ebcd2a35ffb762d1928,0,0.5,66.26333333333334
61687ebcd2a35ffb762d1928,1,0.5,66.14
61687ebcd2a35ffb762d1928,2,0.5,66.06666666666666
61687ebcd2a35ffb762d1928,3,0.5,66.09666666666666
61687ebcd2a35ffb762d1928,4,0.5,66.28333333333333
61687ebcd2a35ffb762d1928,5,0.5,65.92333333333333
61687ebcd2a35ffb762d1928,6,0.5,66.13
61687ebcd2a35ffb762d1928,7,0.5,66.42666666666666
61687ebcd2a35ffb762d1928,8,0.5,66.06
61687ebcd2a35ffb762d1928,9,0.5,65.82333333333334
61687ebcd2a35ffb762d1928,10,0.5,66.13666666666667
6088a7e22d5b98ef3f813a22,0,0.5,66.40333333333334
6088a7e22d5b98ef3f813a22,1,0.5,66.68666666666667
6088a7e22d5b98ef3f813a22,2,0.5,66.04333333333334
6088a7e22d5b98ef3f813a22,3,0.5,66.22666666666667
6088a7e22d5b98ef3f813a22,4,0.5,66.06333333333333
6088a7e22d5b98ef3f813a22,5,0.5,66.32666666666667
6088a7e22d5b98ef3f813a22,6,0.5,66.00666666666667
6088a7e22d5b98ef3f813a22,7,0.5,65.82000000000001
6088a7e22d5b98ef3f813a22,8,0.5,66.01666666666667
6088a7e22d5b98ef3f813a22,9,0.5,65.86666666666666
6088a7e22d5b98ef3f813a22,10,0.5,65.91666666666667
6088a7e22d5b98ef3f813a22,11,0.5,65.88666666666667
6088a7e22d5b98ef3f813a22,12,0.5,66.01666666666667
6088a7e22d5b98ef3f813a22,13,0.5,66.15333333333334
6088a7e22d5b98ef3f813a22,14,0.5,65.96
6088a7e22d5b98ef3f813a22,15,0.5,66.10333333333334
6088a7e22d5b98ef3f813a22,16,0.5,65.94333333333333
6088a7e22d5b98ef3f813a22,17,0.5,65.60666666666667
6088a7e22d5b98ef3f813a22,18,0.5,65.82333333333334
6088a7e22d5b98ef3f813a22,19,0.5,66.19333333333334
6088a7e22d5b98ef3f813a22,20,0.5,66.09666666666666
5c48be0496d59b000183e68d,0,0.5,66.26333333333334
5c48be0496d59b000183e68d,1,0.5,66.78
5c48be0496d59b000183e68d,2,0.5,66.17333333333333
5c48be0496d59b000183e68d,3,0.5,66.12
6047ff03cb24e712c17514b7,0,0.5,66.07333333333332
6047ff03cb24e712c17514b7,1,0.5,66.02
6047ff03cb24e712c17514b7,2,0.5,66.17666666666666
6047ff03cb24e712c17514b7,3,0.5,65.97333333333333
6047ff03cb24e712c17514b7,4,0.5,66.21666666666667
6047ff03cb24e712c17514b7,5,0.5,66.01666666666667
6047ff03cb24e712c17514b7,6,0.5,66.02333333333334
6047ff03cb24e712c17514b7,7,0.5,66.14333333333333
6047ff03cb24e712c17514b7,8,0.5,65.96333333333332
6047ff03cb24e712c17514b7,9,0.5,65.89666666666668
6047ff03cb24e712c17514b7,10,0.5,66.10666666666667
6047ff03cb24e712c17514b7,11,0.5,65.83333333333333
6047ff03cb24e712c17514b7,12,0.5,66.02333333333334
6047ff03cb24e712c17514b7,13,0.5,66.18
6047ff03cb24e712c17514b7,14,0.5,66.29
6047ff03cb24e712c17514b7,15,0.5,65.85666666666667
6047ff03cb24e712c17514b7,16,0.5,66.01
6047ff03cb24e712c17514b7,17,0.5,65.64666666666666
6047ff03cb24e712c17514b7,18,0.5,65.83333333333333
6047ff03cb24e712c17514b7,19,0.5,65.61
6047ff03cb24e712c17514b7,20,0.5,65.93666666666667
6047ff03cb24e712c17514b7,21,0.5,65.93666666666667
6047ff03cb24e712c17514b7,22,0.5,65.91666666666667
6229dc51dff340226697778e,0,0.5,66.07333333333332
6229dc51dff340226697778e,1,0.5,66.31666666666666
6229dc51dff340226697778e,2,0.5,66.11
614b55e22ff3944a165736bb,0,0.5,66.26333333333334
614b55e22ff3944a165736bb,1,0.5,66.01
614b55e22ff3944a165736bb,2,0.5,66.05
614b55e22ff3944a165736bb,3,0.5,66.03666666666666
614b55e22ff3944a165736bb,4,0.5,66.23666666666666
614b55e22ff3944a165736bb,5,0.5,66.36666666666666
614b55e22ff3944a165736bb,6,0.5,66.14666666666666
614b55e22ff3944a165736bb,7,0.5,66.20333333333333
614b55e22ff3944a165736bb,8,0.5,66.14999999999999
614b55e22ff3944a165736bb,9,0.5,66.37333333333333
614b55e22ff3944a165736bb,10,0.5,66.23
614b55e22ff3944a165736bb,11,0.5,65.92
614b55e22ff3944a165736bb,12,0.5,65.92666666666666
614b55e22ff3944a165736bb,13,0.5,65.92
614b55e22ff3944a165736bb,14,0.5,66.08666666666667
614b55e22ff3944a165736bb,15,0.5,66.05
614b55e22ff3944a165736bb,16,0.5,66.25999999999999
614b55e22ff3944a165736bb,17,0.5,66.28333333333333
614b55e22ff3944a165736bb,18,0.5,66.14333333333333
614b55e22ff3944a165736bb,19,0.5,66.02333333333334
614b55e22ff3944a165736bb,20,0.5,65.8
614b55e22ff3944a165736bb,21,0.5,66.05333333333333
614b55e22ff3944a165736bb,22,0.5,66.04333333333334
614b55e22ff3944a165736bb,23,0.5,65.93
614b55e22ff3944a165736bb,24,0.5,65.93666666666667
614b55e22ff3944a165736bb,25,0.5,65.81666666666666
614b55e22ff3944a165736bb,26,0.5,65.88333333333334
614b55e22ff3944a165736bb,27,0.5,66.10000000000001
614b55e22ff3944a165736bb,28,0.5,66.13666666666667
614b55e22ff3944a165736bb,29,0.5,65.72666666666666
614b55e22ff3944a165736bb,30,0.5,65.71333333333334
614b55e22ff3944a165736bb,31,0.5,65.76666666666667
614b55e22ff3944a165736bb,32,0.5,65.70666666666666
614b55e22ff3944a165736bb,33,0.5,65.89333333333333
614b55e22ff3944a165736bb,34,0.5,65.69
614b55e22ff3944a165736bb,35,0.5,65.73
614b55e22ff3944a165736bb,36,0.5,65.93333333333334
606c6e9f7e86c0264ab3d7d8,0,0.5,66.07333333333332
606c6e9f7e86c0264ab3d7d8,1,0.5,66.31666666666666
606c6e9f7e86c0264ab3d7d8,2,0.5,66.36999999999999
606c6e9f7e86c0264ab3d7d8,3,0.5,66.07666666666667
606c6e9f7e86c0264ab3d7d8,4,0.5,66.46333333333332
606c6e9f7e86c0264ab3d7d8,5,0.5,66.2
606c6e9f7e86c0264ab3d7d8,6,0.5,66.10333333333334
606c6e9f7e86c0264ab3d7d8,7,0.5,66.35333333333332
5d66f23706e589000157e7ec,0,0.5,66.07333333333332
5d66f23706e589000157e7ec,1,0.5,66.28666666666668
5d66f23706e589000157e7ec,2,0.5,66.18
5d66f23706e589000157e7ec,3,0.5,66.18333333333334
5d66f23706e589000157e7ec,4,0.5,66.14
5d66f23706e589000157e7ec,5,0.5,66.29666666666667
5d66f23706e589000157e7ec,6,0.5,66.26666666666667
5d66f23706e589000157e7ec,7,0.5,66.25
5d66f23706e589000157e7ec,8,0.5,66.30666666666667
5d66f23706e589000157e7ec,9,0.5,66.33333333333333
