participant_id,iteration,fs,consistency_10,consistency_100,theil_index,CMA_consistency_10,CMA_consistency_100,CMA_theil_index
,0,0.5,0.6734933333333333,0.6191753333333334,0.300479047812362,,,
5e909231933994023e8b3c4d,0,0.5,0.67841,0.6222460000000001,0.3093989772556952,0.67841,0.6222460000000001,0.3093989772556952
5e909231933994023e8b3c4d,1,0.5,0.6783600000000001,0.6229933333333333,0.3035987167317625,0.678385,0.6226196666666667,0.30649884699372887
5e909231933994023e8b3c4d,2,0.5,0.6765466666666666,0.6203683333333332,0.3014236349567186,0.6777722222222223,0.6218692222222222,0.30480710964805874
5e909231933994023e8b3c4d,3,0.5,0.6764066666666667,0.6207366666666666,0.3001314264353777,0.6774308333333333,0.6215860833333333,0.30363818884488847
5e909231933994023e8b3c4d,4,0.5,0.67565,0.6200146666666666,0.3063401525170547,0.6770746666666667,0.6212717999999999,0.30417858157932176
5e909231933994023e8b3c4d,5,0.5,0.6748133333333333,0.6190313333333333,0.30392401037656014,0.6766977777777777,0.6208983888888888,0.30413615304552816
5e909231933994023e8b3c4d,6,0.5,0.67891,0.6215056666666667,0.30890840641612505,0.6770138095238095,0.6209851428571429,0.30481790352704197
5e909231933994023e8b3c4d,7,0.5,0.67565,0.6194219999999999,0.30704543417276675,0.6768433333333334,0.6207897499999999,0.3050963448577576
5e909231933994023e8b3c4d,8,0.5,0.6768099999999999,0.6206523333333334,0.3072997863319216,0.6768396296296296,0.6207744814814815,0.3053411716882202
5e909231933994023e8b3c4d,9,0.5,0.6762766666666666,0.621056,0.3068902433355793,0.6767833333333333,0.6208026333333333,0.30549607885295615
5e909231933994023e8b3c4d,10,0.5,0.67496,0.619171,0.3091417162637231,0.6766175757575758,0.620654303030303,0.30582750043575313
5e909231933994023e8b3c4d,11,0.5,0.6764266666666667,0.6195166666666667,0.3100314637748729,0.6766016666666667,0.6205595,0.3061778307140131
5e909231933994023e8b3c4d,12,0.5,0.6758500000000001,0.6207133333333333,0.3072991590119431,0.6765438461538461,0.6205713333333333,0.30626408673693084
5e909231933994023e8b3c4d,13,0.5,0.6767966666666667,0.621075,0.31028122790879425,0.6765619047619048,0.6206073095238096,0.3065510253920639
5e909231933994023e8b3c4d,14,0.5,0.6783866666666667,0.6221183333333333,0.31032793773228945,0.6766835555555556,0.6207080444444445,0.3068028195480789
5e909231933994023e8b3c4d,15,0.5,0.67779,0.6219276666666667,0.3103899382951414,0.6767527083333333,0.6207842708333333,0.3070270144697704
5e909231933994023e8b3c4d,16,0.5,0.6755,0.6183633333333334,0.31295729778555564,0.6766790196078432,0.620641862745098,0.30737585466481654
5e909231933994023e8b3c4d,17,0.5,0.6779166666666667,0.6225203333333333,0.30903448397995986,0.6767477777777777,0.6207462222222222,0.30746800073788005
5e909231933994023e8b3c4d,18,0.5,0.6766833333333333,0.6198003333333333,0.30513393004437606,0.6767443859649123,0.6206964385964913,0.30734515491190617
5e909231933994023e8b3c4d,19,0.5,0.6747433333333334,0.6200023333333333,0.3102846374527324,0.6766443333333333,0.6206617333333333,0.3074921290389475
5e909231933994023e8b3c4d,20,0.5,0.6725366666666666,0.6179736666666666,0.31128848160164313,0.6764487301587302,0.6205337301587301,0.3076729077324092
5e909231933994023e8b3c4d,21,0.5,0.6728866666666666,0.6172286666666666,0.311454036272261,0.6762868181818181,0.6203835,0.3078447772114934
5e909231933994023e8b3c4d,22,0.5,0.6728633333333334,0.6173683333333333,0.3086670890261388,0.6761379710144927,0.6202524057971014,0.30788052989908665
5e909231933994023e8b3c4d,23,0.5,0.6746033333333333,0.6192833333333334,0.3076877079086706,0.6760740277777778,0.6202120277777777,0.307872495649486
5e909231933994023e8b3c4d,24,0.5,0.67313,0.6181846666666667,0.31040027278831456,0.6759562666666666,0.6201309333333334,0.3079736067350391
5e909231933994023e8b3c4d,25,0.5,0.6725633333333334,0.6164936666666667,0.3154484994561138,0.6758257692307693,0.6199910384615385,0.3082611026089266
5e909231933994023e8b3c4d,26,0.5,0.6733399999999999,0.618154,0.31386496736505903,0.6757337037037038,0.619923,0.30846865315545
5e909231933994023e8b3c4d,27,0.5,0.6747266666666667,0.619395,0.31020391779945977,0.675697738095238,0.6199041428571429,0.3085306268927361
5e909231933994023e8b3c4d,28,0.5,0.6730866666666666,0.617726,0.31630822232451306,0.6756077011494253,0.6198290344827586,0.3087988198386594
5fe100d9ece28c2fa6e9a5a1,0,0.5,0.67777,0.6217043333333334,0.3060598140336607,0.67777,0.6217043333333334,0.3060598140336607
5fe100d9ece28c2fa6e9a5a1,1,0.5,0.6782066666666666,0.6220526666666667,0.3078845512527359,0.6779883333333333,0.6218785,0.3069721826431983
5fe100d9ece28c2fa6e9a5a1,2,0.5,0.6768000000000001,0.6211343333333332,0.30576592333910874,0.6775922222222223,0.6216304444444445,0.3065700962085018
60f5bcf96cd0848f008e3902,0,0.5,0.67841,0.6222460000000001,0.3093989772556952,0.67841,0.6222460000000001,0.3093989772556952
60f5bcf96cd0848f008e3902,1,0.5,0.6791466666666667,0.6219723333333333,0.30645589945208945,0.6787783333333333,0.6221091666666667,0.30792743835389236
60f5bcf96cd0848f008e3902,2,0.5,0.6781033333333333,0.6215343333333333,0.3078710940007907,0.6785533333333333,0.6219175555555556,0.30790865690285846
6120211d8e1eab16fcb7ad69,0,0.5,0.67841,0.6222460000000001,0.3093989772556952,0.67841,0.6222460000000001,0.3093989772556952
6120211d8e1eab16fcb7ad69,1,0.5,0.6783600000000001,0.6229933333333333,0.3035987167317625,0.678385,0.6226196666666667,0.30649884699372887
6120211d8e1eab16fcb7ad69,2,0.5,0.6758900000000001,0.6202116666666666,0.3039686041483269,0.6775533333333333,0.621817,0.3056554327119282
6120211d8e1eab16fcb7ad69,3,0.5,0.6769433333333332,0.621405,0.30757712008948157,0.6774008333333333,0.621714,0.30613585455631653
6120211d8e1eab16fcb7ad69,4,0.5,0.6749433333333332,0.6188106666666666,0.3054168105082686,0.6769093333333334,0.6211333333333333,0.30599204574670696
6120211d8e1eab16fcb7ad69,5,0.5,0.67708,0.6212603333333333,0.304202670388625,0.6769377777777777,0.6211544999999999,0.30569381652035993
60e0e480c45d13e3fc1aae6b,0,0.5,0.67841,0.6222460000000001,0.3093989772556952,0.67841,0.6222460000000001,0.3093989772556952
60e0e480c45d13e3fc1aae6b,1,0.5,0.6778533333333333,0.621245,0.31164159772357847,0.6781316666666666,0.6217455000000001,0.31052028748963684
60e0e480c45d13e3fc1aae6b,2,0.5,0.6796933333333333,0.6239586666666667,0.308012375192207,0.6786522222222221,0.6224832222222223,0.30968431672382685
60e0e480c45d13e3fc1aae6b,3,0.5,0.6782766666666666,0.6226396666666667,0.3039961819395243,0.6785583333333333,0.6225223333333334,0.30826228302775127
60e0e480c45d13e3fc1aae6b,4,0.5,0.67974,0.6233876666666667,0.30654264338067244,0.6787946666666667,0.6226954,0.3079183550983355
60e0e480c45d13e3fc1aae6b,5,0.5,0.6815166666666667,0.6249156666666666,0.3081574493789075,0.6792483333333333,0.6230654444444444,0.3079582041450975
60e0e480c45d13e3fc1aae6b,6,0.5,0.6800766666666667,0.6226403333333332,0.30452235999720884,0.6793666666666667,0.6230047142857142,0.30746736926682766
60e0e480c45d13e3fc1aae6b,7,0.5,0.6767433333333333,0.6212376666666667,0.3079210882258178,0.6790387499999999,0.6227838333333333,0.30752408413670146
60e0e480c45d13e3fc1aae6b,8,0.5,0.6760066666666666,0.6202383333333333,0.3136697389879612,0.6787018518518518,0.6225010000000001,0.3082069346757303
60e0e480c45d13e3fc1aae6b,9,0.5,0.6793633333333333,0.6219196666666666,0.30941304129843505,0.678768,0.6224428666666666,0.3083275453380008
60e0e480c45d13e3fc1aae6b,10,0.5,0.67913,0.6220813333333334,0.3099376689261641,0.6788009090909091,0.62241,0.308473920209652
6151f4af8af3c53428216391,0,0.5,0.6754966666666666,0.619769,0.30517010433380304,0.6754966666666666,0.619769,0.30517010433380304
6151f4af8af3c53428216391,1,0.5,0.67654,0.6207886666666667,0.3018756184561559,0.6760183333333334,0.6202788333333333,0.30352286139497947
6101c49c2727ad36a6c593af,0,0.5,0.67777,0.6217043333333334,0.3060598140336607,0.67777,0.6217043333333334,0.3060598140336607
6101c49c2727ad36a6c593af,1,0.5,0.6779633333333333,0.623563,0.30297444391485123,0.6778666666666666,0.6226336666666668,0.304517128974256
60dc5726c777d9a0e550d1ca,0,0.5,0.67826,0.6222866666666667,0.30710465596022346,0.67826,0.6222866666666667,0.30710465596022346
60dc5726c777d9a0e550d1ca,1,0.5,0.6770433333333333,0.6205276666666666,0.3068068422265547,0.6776516666666667,0.6214071666666666,0.3069557490933891
60dc5726c777d9a0e550d1ca,2,0.5,0.6761733333333333,0.6189469999999999,0.30312951989314674,0.6771588888888888,0.6205871111111111,0.30568033935997496
60dc5726c777d9a0e550d1ca,3,0.5,0.6768933333333333,0.6207003333333334,0.30642919993021295,0.6770925,0.6206154166666666,0.30586755450253444
60dc5726c777d9a0e550d1ca,4,0.5,0.6778266666666667,0.6222523333333333,0.30426627082160745,0.6772393333333333,0.6209428,0.30554729776634904
60dc5726c777d9a0e550d1ca,5,0.5,0.6774466666666666,0.6217223333333333,0.305355859571234,0.6772738888888888,0.6210727222222222,0.30551539140049655
60dc5726c777d9a0e550d1ca,6,0.5,0.6762233333333334,0.6208140000000001,0.30732451381440407,0.6771238095238096,0.6210357619047618,0.3057738374596262
60dc5726c777d9a0e550d1ca,7,0.5,0.6747533333333333,0.6192106666666666,0.30847321082288526,0.6768275,0.620807625,0.30611125913003356
60dc5726c777d9a0e550d1ca,8,0.5,0.6783300000000001,0.6229303333333334,0.3035243759813305,0.6769944444444445,0.6210434814814815,0.3058238276690666
60dc5726c777d9a0e550d1ca,9,0.5,0.6765933333333334,0.6204116666666668,0.3053228518573883,0.6769543333333333,0.6209803,0.30577373008789877
60dc5726c777d9a0e550d1ca,10,0.5,0.6755933333333334,0.6201923333333333,0.305478471544921,0.6768306060606061,0.6209086666666667,0.30574688840217346
60dc5726c777d9a0e550d1ca,11,0.5,0.6753833333333333,0.6200366666666666,0.3072423947517034,0.67671,0.620836,0.305871513931301
60dc5726c777d9a0e550d1ca,12,0.5,0.6781933333333333,0.6220856666666666,0.30746601822144454,0.6768241025641026,0.6209321282051282,0.3059941681074659
60dc5726c777d9a0e550d1ca,13,0.5,0.67729,0.6215836666666668,0.30873166131429997,0.6768573809523809,0.6209786666666667,0.30618970333652545
60e46e73e4c4216e7dcbe325,0,0.5,0.67841,0.6222460000000001,0.3093989772556952,0.67841,0.6222460000000001,0.3093989772556952
60e46e73e4c4216e7dcbe325,1,0.5,0.6791466666666667,0.6219723333333333,0.30645589945208945,0.6787783333333333,0.6221091666666667,0.30792743835389236
60e46e73e4c4216e7dcbe325,2,0.5,0.6781033333333333,0.6215343333333333,0.3078710940007907,0.6785533333333333,0.6219175555555556,0.30790865690285846
60e46e73e4c4216e7dcbe325,3,0.5,0.6787333333333334,0.622681,0.30335826751612377,0.6785983333333333,0.6221084166666667,0.3067710595561748
60e46e73e4c4216e7dcbe325,4,0.5,0.68051,0.6239576666666666,0.30379170452853826,0.6789806666666667,0.6224782666666667,0.3061751885506475
60e46e73e4c4216e7dcbe325,5,0.5,0.6763666666666667,0.620376,0.3050270616272726,0.6785450000000001,0.6221278888888889,0.30598383406341834
60e46e73e4c4216e7dcbe325,6,0.5,0.6768700000000001,0.6211333333333333,0.3052852186654665,0.6783057142857143,0.6219858095238096,0.30588403186371094
60e46e73e4c4216e7dcbe325,7,0.5,0.6784766666666666,0.622087,0.3027762612755669,0.6783270833333334,0.6219984583333333,0.30549556054019295
5f256074297aac1d8ef7382d,0,0.5,0.6782233333333334,0.6213633333333333,0.30781542983994503,0.6782233333333334,0.6213633333333333,0.30781542983994503
5f256074297aac1d8ef7382d,1,0.5,0.6751633333333333,0.6187449999999999,0.3080891327048945,0.6766933333333334,0.6200541666666666,0.3079522812724198
5f256074297aac1d8ef7382d,2,0.5,0.6763933333333333,0.6215276666666667,0.30485345637974787,0.6765933333333334,0.6205453333333333,0.3069193396415291
5f256074297aac1d8ef7382d,3,0.5,0.6770633333333334,0.6212230000000001,0.3112043470856475,0.6767108333333334,0.62071475,0.3079905915025587
5f256074297aac1d8ef7382d,4,0.5,0.6763033333333333,0.6207370000000001,0.31192251495906603,0.6766293333333333,0.6207192,0.3087769761938602
5f256074297aac1d8ef7382d,5,0.5,0.6791533333333333,0.6241016666666668,0.3077991607626685,0.6770499999999999,0.6212829444444444,0.30861400695532826
5f256074297aac1d8ef7382d,6,0.5,0.6777066666666667,0.6209629999999999,0.3103749990330069,0.6771438095238096,0.6212372380952381,0.3088655772521395
60f724fd8ec131e82a00b129,0,0.5,0.67841,0.6222460000000001,0.3093989772556952,0.67841,0.6222460000000001,0.3093989772556952
60f724fd8ec131e82a00b129,1,0.5,0.6758233333333333,0.6217236666666666,0.30782462214343836,0.6771166666666666,0.6219848333333333,0.30861179969956676
60f724fd8ec131e82a00b129,2,0.5,0.6774933333333333,0.622772,0.30854376394309246,0.6772422222222222,0.6222472222222222,0.3085891211140754
60f724fd8ec131e82a00b129,3,0.5,0.67755,0.621246,0.30751530891373297,0.6773191666666667,0.6219969166666667,0.3083206680639897
60f724fd8ec131e82a00b129,4,0.5,0.6787066666666667,0.623456,0.3067959498620967,0.6775966666666666,0.6222887333333333,0.30801572442361114
60f724fd8ec131e82a00b129,5,0.5,0.6767833333333333,0.622004,0.30659762164485527,0.6774611111111111,0.6222412777777778,0.30777937396048516
60f724fd8ec131e82a00b129,6,0.5,0.6773333333333333,0.6217079999999999,0.30413396747033355,0.6774428571428571,0.6221650952380953,0.3072586016047492
60f724fd8ec131e82a00b129,7,0.5,0.68004,0.6240380000000001,0.3048230147580909,0.6777675,0.6223992083333333,0.30695415324891695
60f724fd8ec131e82a00b129,8,0.5,0.67746,0.6220626666666667,0.3078331611005415,0.6777333333333333,0.6223618148148149,0.3070518207879863
60f724fd8ec131e82a00b129,9,0.5,0.6785433333333334,0.6236996666666665,0.3061171259494546,0.6778143333333333,0.6224955999999999,0.3069583513041331
60f724fd8ec131e82a00b129,10,0.5,0.6747933333333334,0.6204400000000001,0.3048530077247845,0.677539696969697,0.6223087272727272,0.3067669564332833
60f724fd8ec131e82a00b129,11,0.5,0.6782566666666666,0.6227756666666666,0.3072166634189726,0.6775994444444445,0.6223476388888889,0.30680443201542407
60f724fd8ec131e82a00b129,12,0.5,0.6775366666666667,0.622321,0.3090559161993382,0.6775946153846154,0.6223455897435897,0.30697762310649435
60f724fd8ec131e82a00b129,13,0.5,0.6776666666666666,0.623168,0.30311266296109785,0.6775997619047619,0.6224043333333332,0.30670155452468034
5d66a40c141c9800016a08a2,0,0.5,0.6770833333333333,0.621324,0.3037285787039289,0.6770833333333333,0.621324,0.3037285787039289
5d66a40c141c9800016a08a2,1,0.5,0.6827466666666667,0.6258006666666667,0.30856881714405343,0.679915,0.6235623333333333,0.30614869792399113
5d66a40c141c9800016a08a2,2,0.5,0.6754,0.6198406666666667,0.30960671705705295,0.67841,0.6223217777777778,0.3073013709683451
5d66a40c141c9800016a08a2,3,0.5,0.6764966666666666,0.620035,0.31112837963772594,0.6779316666666666,0.6217500833333334,0.3082581231356903
5d66a40c141c9800016a08a2,4,0.5,0.6755633333333333,0.6192063333333333,0.30830015302266545,0.677458,0.6212413333333333,0.30826652911308533
5d66a40c141c9800016a08a2,5,0.5,0.6751233333333333,0.6200996666666667,0.30661778371255805,0.6770688888888889,0.6210510555555556,0.30799173821299747
5d66a40c141c9800016a08a2,6,0.5,0.67665,0.6204846666666666,0.30570639401778243,0.6770090476190476,0.6209701428571428,0.30766526047082393
5d66a40c141c9800016a08a2,7,0.5,0.67407,0.6191803333333333,0.3116813434365632,0.6766416666666666,0.6207464166666666,0.3081672708415413
5d66a40c141c9800016a08a2,8,0.5,0.6742133333333333,0.6183276666666666,0.3122389777385651,0.6763718518518519,0.6204776666666666,0.30861968271898843
5d66a40c141c9800016a08a2,9,0.5,0.6711100000000001,0.615731,0.3153641414001949,0.6758456666666667,0.620003,0.30929412858710903
5d66a40c141c9800016a08a2,10,0.5,0.6690499999999999,0.6143173333333333,0.3151663632651477,0.6752278787878787,0.6194861212121212,0.3098279681032943
5d66a40c141c9800016a08a2,11,0.5,0.6734233333333333,0.6166023333333333,0.3130498258353274,0.6750775,0.6192458055555555,0.31009645624763044
5d66a40c141c9800016a08a2,12,0.5,0.6712766666666666,0.6162793333333334,0.3140913414659775,0.6747851282051281,0.6190176153846154,0.3104037551105802
5d66a40c141c9800016a08a2,13,0.5,0.67449,0.6184006666666666,0.31576589174768877,0.6747640476190476,0.6189735476190475,0.31078676487037366
5d66a40c141c9800016a08a2,14,0.5,0.6748700000000001,0.6185626666666667,0.3144224953736939,0.6747711111111111,0.6189461555555555,0.3110291469039284
5d66a40c141c9800016a08a2,15,0.5,0.6731333333333334,0.6175486666666666,0.31528698316098164,0.67466875,0.6188588125,0.3112952616699942
5d66a40c141c9800016a08a2,16,0.5,0.6741900000000001,0.6182153333333333,0.3141502460633313,0.6746405882352942,0.6188209607843137,0.3114632019284258
5d66a40c141c9800016a08a2,17,0.5,0.67723,0.6203153333333333,0.3124624208132821,0.6747844444444444,0.6189039814814815,0.3115187140886956
5d66a40c141c9800016a08a2,18,0.5,0.66897,0.613766,0.3184800532374558,0.6744784210526316,0.6186335614035088,0.311885100359683
5d66a40c141c9800016a08a2,19,0.5,0.6736433333333334,0.6177566666666667,0.3157263674110476,0.6744366666666666,0.6185897166666667,0.3120771637122512
5d66a40c141c9800016a08a2,20,0.5,0.67249,0.6165446666666666,0.3165556870242641,0.6743439682539683,0.6184923333333333,0.312290426727109
5d66a40c141c9800016a08a2,21,0.5,0.67127,0.6156233333333333,0.31390795852474385,0.6742042424242425,0.6183619242424242,0.31236395089972874
5d66a40c141c9800016a08a2,22,0.5,0.67252,0.6162563333333333,0.31749654732394456,0.6741310144927537,0.6182703768115941,0.312587107265999
5d66a40c141c9800016a08a2,23,0.5,0.6708466666666666,0.615594,0.32184114724260054,0.6739941666666667,0.6181588611111111,0.31297269226502406
5d66a40c141c9800016a08a2,24,0.5,0.6675933333333333,0.6139873333333334,0.3209142634356879,0.6737381333333333,0.617992,0.3132903551118506
5d66a40c141c9800016a08a2,25,0.5,0.6742666666666667,0.618796,0.3165932202919926,0.6737584615384615,0.6180229230769231,0.3134173883880099
5d66a40c141c9800016a08a2,26,0.5,0.6715566666666666,0.6151803333333333,0.3182181769118766,0.673676913580247,0.6179176419753086,0.31359519537037533
5d66a40c141c9800016a08a2,27,0.5,0.6684033333333333,0.612573,0.3168857330130648,0.6734885714285713,0.6177267619047618,0.3137127145719
5d66a40c141c9800016a08a2,28,0.5,0.6678666666666666,0.6124583333333333,0.31968518245410416,0.6732947126436781,0.6175450919540231,0.31391866174025185
5d66a40c141c9800016a08a2,29,0.5,0.6713,0.6152446666666667,0.3222540594913853,0.6732282222222222,0.6174684111111112,0.3141965083319563
5d66a40c141c9800016a08a2,30,0.5,0.6711400000000001,0.616053,0.3186566832323673,0.6731608602150537,0.617422752688172,0.31434038494164696
5d66a40c141c9800016a08a2,31,0.5,0.6706699999999999,0.614927,0.32353949679176874,0.6730830208333334,0.6173447604166666,0.3146278571869633
5d66a40c141c9800016a08a2,32,0.5,0.6683333333333333,0.6123303333333333,0.3192368855164773,0.672939090909091,0.617192808080808,0.31476752471210007
5d66a40c141c9800016a08a2,33,0.5,0.6689066666666668,0.6123593333333334,0.3167012599723035,0.6728204901960784,0.6170506470588235,0.31482439927857664
5d66a40c141c9800016a08a2,34,0.5,0.67187,0.6160743333333334,0.3118582176302232,0.6727933333333334,0.6170227523809524,0.31473965123148084
5d66a40c141c9800016a08a2,35,0.5,0.6711333333333334,0.6159243333333334,0.31463148811541863,0.6727472222222223,0.6169922407407408,0.3147366467004791
5d66a40c141c9800016a08a2,36,0.5,0.6722633333333333,0.6164526666666666,0.31366906090358565,0.6727341441441441,0.6169776576576577,0.3147077930302928
5d66a40c141c9800016a08a2,37,0.5,0.6722766666666666,0.616324,0.31509536510776015,0.6727221052631579,0.6169604561403509,0.3147179922954893
5d66a40c141c9800016a08a2,38,0.5,0.6711266666666666,0.614682,0.3178103356380351,0.6726811965811965,0.6169020341880341,0.3147972831504263
5d66a40c141c9800016a08a2,39,0.5,0.6721266666666667,0.616581,0.3117627781207458,0.6726673333333333,0.6168940083333333,0.3147214205246843
5d66a40c141c9800016a08a2,40,0.5,0.6692066666666667,0.6141463333333333,0.3157783663827328,0.6725829268292683,0.6168269918699187,0.3147471996919538
5d66a40c141c9800016a08a2,41,0.5,0.6724366666666667,0.615283,0.31561673598008616,0.6725794444444444,0.6167902301587301,0.3147679029369093
5d66a40c141c9800016a08a2,42,0.5,0.67062,0.6155079999999999,0.31089450934998697,0.6725338759689923,0.6167604108527132,0.31467782401628325
5d66a40c141c9800016a08a2,43,0.5,0.66896,0.6146203333333333,0.31309486042939194,0.6724526515151514,0.6167117727272727,0.3146418475711266
5d66a40c141c9800016a08a2,44,0.5,0.67401,0.6176673333333333,0.3118806916794186,0.6724872592592592,0.6167330074074074,0.3145804885513109
5d66a40c141c9800016a08a2,45,0.5,0.66978,0.6143496666666667,0.31764235532143037,0.6724284057971015,0.6166811956521739,0.31464705087240047
5d66a40c141c9800016a08a2,46,0.5,0.6728566666666667,0.6176379999999999,0.3181791335539936,0.6724375177304964,0.6167015531914893,0.3147222015677535
5d66a40c141c9800016a08a2,47,0.5,0.6724,0.616356,0.3203580179594631,0.6724367361111111,0.6166943541666666,0.31483961440924746
5d66a40c141c9800016a08a2,48,0.5,0.6730066666666668,0.6163023333333333,0.31490328688340186,0.6724483673469388,0.6166863537414966,0.3148409138474955
5d66a40c141c9800016a08a2,49,0.5,0.6755866666666667,0.6196360000000001,0.31451077647345044,0.6725111333333333,0.6167453466666667,0.3148343111000146
5d66a40c141c9800016a08a2,50,0.5,0.67152,0.6170163333333333,0.31999346617831287,0.6724916993464053,0.6167506601307189,0.3149354710035106
5952a5175071bb0001ce96c7,0,0.5,0.67841,0.6222460000000001,0.3093989772556952,0.67841,0.6222460000000001,0.3093989772556952
5952a5175071bb0001ce96c7,1,0.5,0.6783600000000001,0.6229933333333333,0.3035987167317625,0.678385,0.6226196666666667,0.30649884699372887
5952a5175071bb0001ce96c7,2,0.5,0.6758900000000001,0.6202116666666666,0.3039686041483269,0.6775533333333333,0.621817,0.3056554327119282
5952a5175071bb0001ce96c7,3,0.5,0.6763266666666666,0.62108,0.3096080876971866,0.6772466666666667,0.62163275,0.3066435964582428
60c63a0fb09fbf271e554c36,0,0.5,0.6718933333333332,0.617199,0.3086565862356229,0.6718933333333332,0.617199,0.3086565862356229
60c63a0fb09fbf271e554c36,1,0.5,0.6759866666666666,0.62027,0.30791007232282697,0.67394,0.6187345,0.30828332927922497
608252263bd38a91cf28c121,0,0.5,0.67784,0.6214293333333334,0.3077759883308243,0.67784,0.6214293333333334,0.3077759883308243
608252263bd38a91cf28c121,1,0.5,0.6798566666666667,0.6244770000000001,0.30199861648896326,0.6788483333333333,0.6229531666666668,0.3048873024098938
608252263bd38a91cf28c121,2,0.5,0.6766833333333333,0.620796,0.30586996672838795,0.6781266666666667,0.6222341111111112,0.3052148571827252
5c83f171fff8430001e997b4,0,0.5,0.67777,0.6217043333333334,0.3060598140336607,0.67777,0.6217043333333334,0.3060598140336607
5c83f171fff8430001e997b4,1,0.5,0.6779633333333333,0.623563,0.30297444391485123,0.6778666666666666,0.6226336666666668,0.304517128974256
5c83f171fff8430001e997b4,2,0.5,0.6803366666666667,0.624197,0.3059849031112786,0.67869,0.6231547777777778,0.3050063870199302
5c83f171fff8430001e997b4,3,0.5,0.6758299999999999,0.6213236666666666,0.3072381315180659,0.677975,0.6226970000000001,0.30556432314446413
5c83f171fff8430001e997b4,4,0.5,0.6761933333333334,0.6208106666666666,0.3056508915146263,0.6776186666666667,0.6223197333333333,0.3055816368184966
5c83f171fff8430001e997b4,5,0.5,0.6761133333333333,0.6209206666666667,0.3052062782871554,0.6773677777777777,0.6220865555555556,0.305519077063273
60e3303c9f5ea2fc726d58d8,0,0.5,0.6718933333333332,0.617199,0.3086565862356229,0.6718933333333332,0.617199,0.3086565862356229
60e3303c9f5ea2fc726d58d8,1,0.5,0.6749566666666666,0.6186866666666666,0.307604105374362,0.6734249999999999,0.6179428333333333,0.30813034580499243
60e3303c9f5ea2fc726d58d8,2,0.5,0.6779200000000001,0.6215573333333333,0.3080585243491502,0.6749233333333334,0.6191476666666667,0.30810640531971173
60e3303c9f5ea2fc726d58d8,3,0.5,0.67983,0.623794,0.3094172181173136,0.67615,0.62030925,0.3084341085191122
60e3303c9f5ea2fc726d58d8,4,0.5,0.6763,0.6198186666666666,0.3084390152571776,0.67618,0.6202111333333333,0.3084350898667253
60e3303c9f5ea2fc726d58d8,5,0.5,0.67392,0.6183993333333333,0.3129820236592331,0.6758033333333334,0.6199091666666666,0.30919291216547656
5c69824b98f65b0001353794,0,0.5,0.67841,0.6222460000000001,0.3093989772556952,0.67841,0.6222460000000001,0.3093989772556952
5c69824b98f65b0001353794,1,0.5,0.6783600000000001,0.6229933333333333,0.3035987167317625,0.678385,0.6226196666666667,0.30649884699372887
5c69824b98f65b0001353794,2,0.5,0.6768799999999999,0.6223273333333333,0.30657310703295193,0.6778833333333333,0.6225222222222223,0.30652360034013654
5c69824b98f65b0001353794,3,0.5,0.6784733333333334,0.621907,0.3023910536561451,0.6780308333333334,0.6223684166666666,0.3054904636691387
5c69824b98f65b0001353794,4,0.5,0.6793266666666666,0.623103,0.30712857406214256,0.67829,0.6225153333333333,0.30581808574773944
5c69824b98f65b0001353794,5,0.5,0.67839,0.6232983333333333,0.3028816366872772,0.6783066666666667,0.6226458333333333,0.30532867757099574
5c69824b98f65b0001353794,6,0.5,0.6775466666666666,0.6217303333333333,0.3046422239393915,0.6781980952380952,0.6225150476190475,0.3052306127664809
5c69824b98f65b0001353794,7,0.5,0.6779133333333334,0.623038,0.30473135884313535,0.6781625,0.6225804166666666,0.30516820602606265
5c69824b98f65b0001353794,8,0.5,0.67974,0.6239349999999999,0.3052649294153298,0.6783377777777777,0.6227309259259259,0.30517895306931453
5c69824b98f65b0001353794,9,0.5,0.6789333333333334,0.6240406666666667,0.3075408196459697,0.6783973333333334,0.6228619,0.3054151397269801
5c69824b98f65b0001353794,10,0.5,0.6788666666666667,0.6239476666666667,0.3033432949638053,0.67844,0.622960606060606,0.3052267902030551
5c69824b98f65b0001353794,11,0.5,0.6789966666666667,0.6236063333333333,0.30515129060086266,0.6784863888888889,0.6230144166666666,0.3052204985695391
5c69824b98f65b0001353794,12,0.5,0.6758266666666666,0.619849,0.306240748394224,0.678281794871795,0.622770923076923,0.30529897932528405
5c69824b98f65b0001353794,13,0.5,0.67733,0.621931,0.3041747221175345,0.6782138095238095,0.6227109285714285,0.30521867523901625
5c69824b98f65b0001353794,14,0.5,0.67625,0.621489,0.3094815349727177,0.6780828888888889,0.6226294666666666,0.3055028658879297
5c69824b98f65b0001353794,15,0.5,0.6752033333333334,0.6191329999999999,0.30968797129972786,0.6779029166666667,0.6224109375,0.30576443497616707
5c69824b98f65b0001353794,16,0.5,0.6797833333333334,0.623217,0.30538061107335646,0.6780135294117647,0.6224583529411765,0.3057418570995311
5c69824b98f65b0001353794,17,0.5,0.6781200000000001,0.622325,0.3023590087446253,0.6780194444444444,0.6224509444444445,0.30555392107981416
5c69824b98f65b0001353794,18,0.5,0.6765066666666666,0.6203000000000001,0.3055824996964084,0.6779398245614034,0.6223377368421052,0.3055554252175296
5c69824b98f65b0001353794,19,0.5,0.6771833333333334,0.622449,0.3038601988639814,0.677902,0.6223433,0.3054706638998522
5c69824b98f65b0001353794,20,0.5,0.6785633333333334,0.6233496666666666,0.30240303556226894,0.6779334920634921,0.6223912222222222,0.3053245863599673
5c69824b98f65b0001353794,21,0.5,0.6776933333333333,0.6209236666666667,0.30506989167030524,0.6779225757575758,0.6223245151515151,0.30531300932861904
5c69824b98f65b0001353794,22,0.5,0.6771966666666667,0.6204133333333333,0.30722478934517217,0.6778910144927537,0.6222414202898551,0.30539613019890394
5c69824b98f65b0001353794,23,0.5,0.67669,0.6218713333333333,0.30451282108981687,0.6778409722222222,0.622226,0.30535932565269197
5c69824b98f65b0001353794,24,0.5,0.67497,0.6193816666666667,0.3052933139943514,0.6777261333333334,0.6221122266666667,0.30535668518635833
5c69824b98f65b0001353794,25,0.5,0.6783166666666667,0.6226323333333332,0.3030489236698878,0.6777488461538461,0.6221322307692307,0.3052679251280326
5c69824b98f65b0001353794,26,0.5,0.6796266666666666,0.6228463333333334,0.30542739087812426,0.6778183950617284,0.6221586790123456,0.30527383126692487
5c69824b98f65b0001353794,27,0.5,0.6809366666666667,0.623841,0.3066119998785769,0.677929761904762,0.6222187619047619,0.30532162300305526
5c69824b98f65b0001353794,28,0.5,0.6791400000000001,0.6225456666666667,0.30543760569190426,0.6779714942528736,0.6222300344827587,0.305325622406119
5c69824b98f65b0001353794,29,0.5,0.67923,0.623368,0.306223773203854,0.6780134444444444,0.6222679666666667,0.30535556076604353
5c69824b98f65b0001353794,30,0.5,0.6788433333333332,0.6237416666666667,0.3080209123522218,0.6780402150537634,0.6223155053763442,0.30544153984946865
5c69824b98f65b0001353794,31,0.5,0.6768233333333333,0.6210373333333332,0.30361930244783236,0.6780021875,0.6222755624999999,0.3053845949306675
5c69824b98f65b0001353794,32,0.5,0.6773933333333333,0.6214646666666666,0.3049890763891366,0.6779837373737374,0.6222509898989899,0.3053726095203181
5c69824b98f65b0001353794,33,0.5,0.6788799999999999,0.6231376666666666,0.304692759570705,0.6780100980392156,0.622277068627451,0.3053526139335648
5c69824b98f65b0001353794,34,0.5,0.6769766666666668,0.621901,0.3083324493126025,0.6779805714285715,0.6222663238095237,0.30543775208725155
5c69824b98f65b0001353794,35,0.5,0.6802966666666667,0.6241573333333332,0.3030287751195274,0.6780449074074074,0.6223188518518518,0.30537083606037035
5c69824b98f65b0001353794,36,0.5,0.67846,0.622144,0.3076658245811063,0.6780561261261261,0.6223141261261261,0.305432862777147
5c69824b98f65b0001353794,37,0.5,0.67852,0.6233196666666667,0.30679021628059877,0.6780683333333334,0.6223405877192982,0.3054685826061852
5c69824b98f65b0001353794,38,0.5,0.6794566666666667,0.6238806666666665,0.3030934476487938,0.6781039316239317,0.6223800769230768,0.30540768170984184
5c69824b98f65b0001353794,39,0.5,0.6766800000000001,0.620465,0.30642815767301673,0.6780683333333333,0.6223322,0.3054331936089212
5c69824b98f65b0001353794,40,0.5,0.6763866666666667,0.6200913333333333,0.30893263217379113,0.6780273170731708,0.6222775447154472,0.30551854576904
5c69824b98f65b0001353794,41,0.5,0.6786033333333333,0.6228233333333333,0.3028040688063522,0.6780410317460317,0.6222905396825397,0.3054539153651665
5c69824b98f65b0001353794,42,0.5,0.6777033333333333,0.6224253333333333,0.30952050291401995,0.6780331782945737,0.6222936744186046,0.30554848716862815
5c69824b98f65b0001353794,43,0.5,0.67818,0.6226543333333333,0.3036181205099528,0.6780365151515152,0.6223018712121212,0.3055046151991128
5c69824b98f65b0001353794,44,0.5,0.6759433333333333,0.6218859999999999,0.3066093435407511,0.67799,0.6222926296296296,0.3055291647178159
5c69824b98f65b0001353794,45,0.5,0.6746733333333333,0.6196346666666666,0.30904053948835813,0.6779178985507247,0.622234847826087,0.3056054989519581
5c69824b98f65b0001353794,46,0.5,0.6782866666666667,0.6212930000000001,0.30748279977788856,0.6779257446808511,0.6222148085106383,0.3056454415227226
5c69824b98f65b0001353794,47,0.5,0.6770700000000001,0.62165,0.3058852198990966,0.6779079166666667,0.6222030416666666,0.3056504369055637
5c69824b98f65b0001353794,48,0.5,0.6760733333333333,0.6203956666666667,0.30636013405432616,0.6778704761904762,0.622166156462585,0.3056649205208446
5c69824b98f65b0001353794,49,0.5,0.6772366666666667,0.6213126666666666,0.30778800380801047,0.6778578000000001,0.6221490866666667,0.3057073821865879
5c69824b98f65b0001353794,50,0.5,0.6795,0.6233979999999999,0.30429337667986056,0.67789,0.6221735751633987,0.3056796565884168
5c69824b98f65b0001353794,51,0.5,0.67742,0.6219429999999999,0.30477439788748606,0.6778809615384616,0.622169141025641,0.30566224776724504
5c69824b98f65b0001353794,52,0.5,0.6764233333333334,0.6209736666666666,0.30337777540819955,0.6778534591194969,0.6221465849056603,0.30561914451518757
5c69824b98f65b0001353794,53,0.5,0.6766866666666667,0.620085,0.30756439896966986,0.6778318518518518,0.6221084074074074,0.30565516774582613
5c69824b98f65b0001353794,54,0.5,0.6752466666666667,0.6204863333333333,0.30387279367273184,0.6777848484848484,0.6220789151515151,0.3056227609444971
5c69824b98f65b0001353794,55,0.5,0.6752966666666667,0.6202746666666666,0.3082566319805937,0.6777404166666666,0.6220466964285715,0.305669794355856
6053c980f7612d61ed799ce9,0,0.5,0.67777,0.6217043333333334,0.3060598140336607,0.67777,0.6217043333333334,0.3060598140336607
6053c980f7612d61ed799ce9,1,0.5,0.6779633333333333,0.623563,0.30297444391485123,0.6778666666666666,0.6226336666666668,0.304517128974256
6053c980f7612d61ed799ce9,2,0.5,0.6764233333333334,0.6206393333333333,0.3084154902274741,0.6773855555555555,0.6219688888888889,0.3058165827253287
6053c980f7612d61ed799ce9,3,0.5,0.6790966666666667,0.6222983333333333,0.3104477094128208,0.6778133333333334,0.62205125,0.3069743643972017
6053c980f7612d61ed799ce9,4,0.5,0.6820999999999999,0.6247886666666667,0.3087271605414829,0.6786706666666666,0.6225987333333334,0.30732492362605796
6053c980f7612d61ed799ce9,5,0.5,0.6770033333333334,0.621722,0.3082740380317289,0.6783927777777778,0.6224526111111112,0.30748310936033646
6131460946d0022f68082db6,0,0.5,0.67784,0.6214293333333334,0.3077759883308243,0.67784,0.6214293333333334,0.3077759883308243
6131460946d0022f68082db6,1,0.5,0.6789266666666667,0.6218996666666667,0.3087708629983855,0.6783833333333333,0.6216645000000001,0.3082734256646049
6131460946d0022f68082db6,2,0.5,0.6754033333333334,0.6201323333333334,0.30910029646291715,0.6773899999999999,0.6211537777777778,0.3085490492640423
6131460946d0022f68082db6,3,0.5,0.67928,0.623622,0.3090707548345408,0.6778625,0.6217708333333334,0.3086794756566669
6131460946d0022f68082db6,4,0.5,0.67462,0.6196196666666667,0.3071803958399733,0.677214,0.6213406000000001,0.3083796596933282
6131460946d0022f68082db6,5,0.5,0.6763233333333334,0.6206203333333333,0.3052275174825065,0.6770655555555556,0.6212205555555556,0.30785430265819125
6131460946d0022f68082db6,6,0.5,0.6782566666666667,0.6215113333333333,0.3077028775546409,0.6772357142857144,0.6212620952380953,0.3078326705005412
6131460946d0022f68082db6,7,0.5,0.6769433333333332,0.6216226666666667,0.3062094852178379,0.6771991666666667,0.6213071666666667,0.3076297723402033
6131460946d0022f68082db6,8,0.5,0.6756333333333333,0.6201453333333333,0.30326961082332804,0.6770251851851852,0.6211780740740741,0.3071453099494394
6131460946d0022f68082db6,9,0.5,0.6734466666666666,0.6177606666666666,0.30743101191543637,0.6766673333333333,0.6208363333333333,0.3071738801460391
6131460946d0022f68082db6,10,0.5,0.6791833333333333,0.6222866666666668,0.30758020672887487,0.6768960606060607,0.6209681818181818,0.30721081892629687
6131460946d0022f68082db6,11,0.5,0.6799466666666667,0.6228006666666667,0.3036899227820137,0.6771502777777778,0.621120888888889,0.30691741091427327
6131460946d0022f68082db6,12,0.5,0.67958,0.6225056666666666,0.30616366389566363,0.6773371794871795,0.6212274102564103,0.30685943037438024
6131460946d0022f68082db6,13,0.5,0.6784066666666667,0.622293,0.30725093259987085,0.6774135714285714,0.6213035238095238,0.30688739481905813
611e7d1295185bf6f56fd951,0,0.5,0.67777,0.6217043333333334,0.3060598140336607,0.67777,0.6217043333333334,0.3060598140336607
611e7d1295185bf6f56fd951,1,0.5,0.6772233333333333,0.621151,0.30631178131247117,0.6774966666666666,0.6214276666666667,0.306185797673066
611e7d1295185bf6f56fd951,2,0.5,0.67567,0.6198440000000001,0.3094449089264531,0.6768877777777776,0.6208997777777778,0.30727216809086166
6103ec2bf88328284fd894bc,0,0.5,0.6718933333333332,0.617199,0.3086565862356229,0.6718933333333332,0.617199,0.3086565862356229
6103ec2bf88328284fd894bc,1,0.5,0.6810833333333333,0.6241356666666666,0.3086842630500226,0.6764883333333332,0.6206673333333333,0.3086704246428228
6103ec2bf88328284fd894bc,2,0.5,0.6746533333333333,0.618242,0.3079172899936161,0.6758766666666666,0.6198588888888888,0.30841937975975386
6103ec2bf88328284fd894bc,3,0.5,0.6775466666666667,0.6207673333333333,0.3077089626501529,0.6762941666666666,0.620086,0.30824177548235365
5d1f440b3aac9200019067f1,0,0.5,0.67571,0.6195393333333333,0.30988058870931107,0.67571,0.6195393333333333,0.30988058870931107
5d1f440b3aac9200019067f1,1,0.5,0.6772333333333334,0.6207246666666666,0.3111211749480918,0.6764716666666667,0.6201319999999999,0.31050088182870145
5d1f440b3aac9200019067f1,2,0.5,0.6766566666666667,0.6205226666666667,0.3114041615746978,0.6765333333333334,0.6202622222222222,0.3108019750773669
5d1f440b3aac9200019067f1,3,0.5,0.6777166666666667,0.6217883333333333,0.30858599510997686,0.6768291666666667,0.6206437499999999,0.3102479800855194
5d1f440b3aac9200019067f1,4,0.5,0.6799733333333333,0.6243130000000001,0.3111698401860489,0.677458,0.6213776,0.31043235210562525
5d1f440b3aac9200019067f1,5,0.5,0.6778133333333334,0.6236613333333334,0.3070330989476116,0.6775172222222222,0.6217582222222222,0.309865809912623
5d1f440b3aac9200019067f1,6,0.5,0.6773366666666667,0.621781,0.3072359215984888,0.6774914285714286,0.6217614761904763,0.3094901115820324
5d1f440b3aac9200019067f1,7,0.5,0.6761733333333333,0.6204836666666667,0.3054658528611135,0.6773266666666666,0.62160175,0.30898707924191754
5d1f440b3aac9200019067f1,8,0.5,0.6749166666666666,0.6209296666666667,0.3074939906723367,0.6770588888888889,0.621527074074074,0.3088211805119641
5d1f440b3aac9200019067f1,9,0.5,0.6743933333333333,0.6187849999999999,0.30776478615924624,0.6767923333333333,0.6212528666666667,0.3087155410766923
5d1f440b3aac9200019067f1,10,0.5,0.6736500000000001,0.617853,0.31323615315845965,0.6765066666666667,0.6209437878787879,0.30912650581139844
5d1f440b3aac9200019067f1,11,0.5,0.6771333333333334,0.6204893333333333,0.3033601574897488,0.6765588888888888,0.6209059166666667,0.3086459767845943
5d1f440b3aac9200019067f1,12,0.5,0.6751666666666667,0.6189386666666666,0.3141505303759153,0.676451794871795,0.6207545897435897,0.3090694039839267
5d1f440b3aac9200019067f1,13,0.5,0.67545,0.618212,0.3123786572721758,0.6763802380952381,0.6205729761904761,0.30930577921880165
5ea96851a879f0059741c4cb,0,0.5,0.6770133333333332,0.6210486666666666,0.3088795567261798,0.6770133333333332,0.6210486666666666,0.3088795567261798
5ea96851a879f0059741c4cb,1,0.5,0.67746,0.620528,0.3067803773419871,0.6772366666666666,0.6207883333333333,0.30782996703408344
5ea96851a879f0059741c4cb,2,0.5,0.68015,0.623602,0.30725500824766094,0.6782077777777777,0.6217262222222222,0.3076383141052759
5ea96851a879f0059741c4cb,3,0.5,0.6788066666666666,0.622247,0.3115797531197272,0.6783575,0.6218564166666667,0.3086236738588888
5ea96851a879f0059741c4cb,4,0.5,0.6758599999999999,0.6195486666666667,0.3114306432942686,0.677858,0.6213948666666667,0.30918506774596477
5ea96851a879f0059741c4cb,5,0.5,0.6831266666666667,0.6259273333333333,0.30995374035721374,0.6787361111111111,0.6221502777777778,0.30931317984783957
5e8a39059d97d006d0bd8439,0,0.5,0.67841,0.6222460000000001,0.3093989772556952,0.67841,0.6222460000000001,0.3093989772556952
5e8a39059d97d006d0bd8439,1,0.5,0.6783600000000001,0.6229933333333333,0.3035987167317625,0.678385,0.6226196666666667,0.30649884699372887
5e8a39059d97d006d0bd8439,2,0.5,0.6758900000000001,0.6202116666666666,0.3039686041483269,0.6775533333333333,0.621817,0.3056554327119282
5e8a39059d97d006d0bd8439,3,0.5,0.6769433333333332,0.621405,0.30757712008948157,0.6774008333333333,0.621714,0.30613585455631653
5e8a39059d97d006d0bd8439,4,0.5,0.6800433333333333,0.6232476666666666,0.3076768927794975,0.6779293333333334,0.6220207333333333,0.3064440622009527
5e8a39059d97d006d0bd8439,5,0.5,0.6778033333333333,0.6221833333333333,0.31126905921139353,0.6779083333333333,0.6220478333333334,0.30724822836935956
5e8a39059d97d006d0bd8439,6,0.5,0.6790066666666668,0.6218806666666665,0.31078345385920997,0.6780652380952381,0.6220239523809523,0.3077532605821953
5e8a39059d97d006d0bd8439,7,0.5,0.6767966666666667,0.6201476666666667,0.3100284934817295,0.6779066666666667,0.6217894166666667,0.30803766469463706
61090b7186e1761f97308af9,0,0.5,0.6776166666666666,0.6207193333333334,0.31214621423857675,0.6776166666666666,0.6207193333333334,0.31214621423857675
61090b7186e1761f97308af9,1,0.5,0.6767666666666667,0.6212303333333333,0.30860182242276835,0.6771916666666666,0.6209748333333334,0.3103740183306726
61090b7186e1761f97308af9,2,0.5,0.6796266666666667,0.6229043333333333,0.30467234863424947,0.6780033333333334,0.621618,0.3084734617651982
61090b7186e1761f97308af9,3,0.5,0.6769233333333333,0.6210526666666667,0.30420675600724245,0.6777333333333333,0.6214766666666667,0.30740678532570925
61090b7186e1761f97308af9,4,0.5,0.67723,0.6206860000000001,0.30733194657440127,0.6776326666666667,0.6213185333333333,0.30739181757544765
61090b7186e1761f97308af9,5,0.5,0.6787533333333333,0.6225639999999999,0.3057927257491153,0.6778194444444444,0.6215261111111111,0.30712530227105894
61065060bc55a8b70bc64d05,0,0.5,0.67841,0.6222460000000001,0.3093989772556952,0.67841,0.6222460000000001,0.3093989772556952
61065060bc55a8b70bc64d05,1,0.5,0.67841,0.6222460000000001,0.3093989772556952,0.67841,0.6222460000000001,0.3093989772556952
61065060bc55a8b70bc64d05,2,0.5,0.6756033333333333,0.6213496666666667,0.30436619792885566,0.6774744444444444,0.6219472222222223,0.3077213841467487
61065060bc55a8b70bc64d05,3,0.5,0.6758633333333333,0.6197076666666667,0.30482543916179494,0.6770716666666666,0.6213873333333334,0.3069973979005103
61065060bc55a8b70bc64d05,4,0.5,0.67713,0.6204270000000001,0.30906147385181804,0.6770833333333333,0.6211952666666667,0.3074102130907718
61065060bc55a8b70bc64d05,5,0.5,0.6740833333333334,0.6183486666666667,0.30644980315612497,0.6765833333333333,0.6207208333333334,0.3072501447683307
61065060bc55a8b70bc64d05,6,0.5,0.6766933333333334,0.6218589999999999,0.302636875597519,0.6765990476190477,0.6208834285714285,0.3065911063153576
61065060bc55a8b70bc64d05,7,0.5,0.6759433333333333,0.6200539999999999,0.3056477300753393,0.6765170833333334,0.62077975,0.3064731842853553
61065060bc55a8b70bc64d05,8,0.5,0.67336,0.6186923333333334,0.3061626233790932,0.6761662962962963,0.6205478148148148,0.30643867751799286
61065060bc55a8b70bc64d05,9,0.5,0.6759333333333333,0.619148,0.3056446764576643,0.6761429999999999,0.6204078333333334,0.30635927741196
61065060bc55a8b70bc64d05,10,0.5,0.6758266666666666,0.619985,0.30339432115969006,0.6761142424242425,0.6203693939393939,0.3060897359344809
61065060bc55a8b70bc64d05,11,0.5,0.6747933333333334,0.6187683333333334,0.30582314627839,0.6760041666666666,0.6202359722222223,0.30606752012980665
61065060bc55a8b70bc64d05,12,0.5,0.6783433333333333,0.6233536666666666,0.3033110864095722,0.6761841025641024,0.6204757948717948,0.3058554867667117
5e465ab4c07877130185c306,0,0.5,0.67841,0.6222460000000001,0.3093989772556952,0.67841,0.6222460000000001,0.3093989772556952
5e465ab4c07877130185c306,1,0.5,0.67656,0.6212416666666667,0.31162036865423065,0.677485,0.6217438333333334,0.3105096729549629
5e465ab4c07877130185c306,2,0.5,0.6781866666666667,0.6221743333333334,0.30588075795614217,0.6777188888888889,0.6218873333333333,0.30896670128868936
5e465ab4c07877130185c306,3,0.5,0.6791933333333333,0.6230119999999999,0.3050807501164522,0.6780875,0.6221685,0.3079952134956301
5e465ab4c07877130185c306,4,0.5,0.6755166666666667,0.6194329999999999,0.31005816643214146,0.6775733333333334,0.6216214,0.30840780408293234
5e465ab4c07877130185c306,5,0.5,0.67781,0.623021,0.3056191365284402,0.6776127777777777,0.6218546666666667,0.30794302615718366
5e465ab4c07877130185c306,6,0.5,0.6760833333333334,0.6210103333333333,0.30589546309885934,0.6773942857142857,0.6217340476190476,0.3076505171488516
5e465ab4c07877130185c306,7,0.5,0.6788266666666667,0.622135,0.30569788700390166,0.6775733333333334,0.6217841666666667,0.30740643838073284
5e465ab4c07877130185c306,8,0.5,0.6765333333333333,0.6208636666666667,0.3045042970623082,0.6774577777777778,0.6216818888888889,0.3070839782342412
5e465ab4c07877130185c306,9,0.5,0.6760133333333334,0.6203346666666667,0.3059150472885409,0.6773133333333334,0.6215471666666667,0.3069670851396712
5e465ab4c07877130185c306,10,0.5,0.6772533333333333,0.6216453333333334,0.3060295197038658,0.6773078787878788,0.6215560909090909,0.30688185191823436
5e465ab4c07877130185c306,11,0.5,0.67664,0.6202486666666667,0.3067435778828912,0.6772522222222223,0.6214471388888889,0.3068703290819557
5e465ab4c07877130185c306,12,0.5,0.6793066666666667,0.6248253333333333,0.3064489427562215,0.6774102564102564,0.621707,0.30683791474920696
5e465ab4c07877130185c306,13,0.5,0.6762900000000001,0.621092,0.3029405942320696,0.6773302380952381,0.6216630714285715,0.3065595347122686
5e465ab4c07877130185c306,14,0.5,0.67747,0.6222526666666666,0.30657744988070407,0.6773395555555556,0.6217023777777778,0.30656072905683096
5e465ab4c07877130185c306,15,0.5,0.6771033333333333,0.6224293333333333,0.3055316453534101,0.6773247916666667,0.6217478125,0.30649641132536715
5e465ab4c07877130185c306,16,0.5,0.6771733333333334,0.6206573333333334,0.3051254262470416,0.6773158823529412,0.6216836666666667,0.30641576514428914
5e465ab4c07877130185c306,17,0.5,0.67814,0.6214956666666667,0.30440442979833393,0.6773616666666666,0.6216732222222222,0.3063040242917361
5e465ab4c07877130185c306,18,0.5,0.6749666666666667,0.6210473333333333,0.30272765788596384,0.6772356140350877,0.6216402807017544,0.306115794480906
5e465ab4c07877130185c306,19,0.5,0.6759733333333333,0.6195666666666666,0.3053488362459435,0.6771725,0.6215366,0.30607744656915786
5e465ab4c07877130185c306,20,0.5,0.6762033333333333,0.6206133333333335,0.3075856096983462,0.6771263492063492,0.6214926349206349,0.306149263861024
5e465ab4c07877130185c306,21,0.5,0.6777833333333334,0.6222823333333334,0.3032482084578704,0.6771562121212121,0.6215285303030303,0.3060173977063352
5e465ab4c07877130185c306,22,0.5,0.6777833333333334,0.622537,0.3027242093058144,0.6771834782608696,0.6215723768115942,0.3058742156019647
61138add299713969a18677d,0,0.5,0.6718933333333332,0.617199,0.3086565862356229,0.6718933333333332,0.617199,0.3086565862356229
61138add299713969a18677d,1,0.5,0.6816599999999999,0.6246673333333334,0.3099394350764633,0.6767766666666666,0.6209331666666666,0.3092980106560431
61138add299713969a18677d,2,0.5,0.6821566666666667,0.6256336666666666,0.30609116874700604,0.67857,0.6225,0.30822906335303074
61138add299713969a18677d,3,0.5,0.6784266666666666,0.6225780000000001,0.3113909281448895,0.6785341666666667,0.6225195,0.30901952955099543
61138add299713969a18677d,4,0.5,0.6747866666666666,0.6193406666666667,0.3114534896003811,0.6777846666666666,0.6218837333333334,0.30950632156087254
61138add299713969a18677d,5,0.5,0.6757833333333334,0.6195436666666667,0.30659632559361766,0.6774511111111111,0.6214937222222222,0.3090213222329968
61138add299713969a18677d,6,0.5,0.6743733333333334,0.617656,0.3105713691432776,0.6770114285714285,0.6209454761904762,0.309242757505894
61138add299713969a18677d,7,0.5,0.6717133333333334,0.6150833333333333,0.3137352361685887,0.6763491666666667,0.6202127083333333,0.3098043173387309
61138add299713969a18677d,8,0.5,0.6723033333333334,0.6177856666666667,0.3137461780578328,0.6758996296296297,0.6199430370370371,0.3102423018630755
608aa72c95a49d6f70deb05e,0,0.5,0.67841,0.6222460000000001,0.3093989772556952,0.67841,0.6222460000000001,0.3093989772556952
608aa72c95a49d6f70deb05e,1,0.5,0.6757766666666667,0.6204796666666667,0.3084946873886661,0.6770933333333333,0.6213628333333334,0.3089468323221807
608aa72c95a49d6f70deb05e,2,0.5,0.67757,0.6213433333333334,0.3049823955767986,0.6772522222222221,0.6213563333333334,0.30762535340705327
608aa72c95a49d6f70deb05e,3,0.5,0.67569,0.6191426666666666,0.30617271042711347,0.6768616666666667,0.6208029166666666,0.30726219266206833
608aa18a3c2dfd212a1a77a9,0,0.5,0.6775333333333333,0.6215983333333334,0.31110404747563625,0.6775333333333333,0.6215983333333334,0.31110404747563625
608aa18a3c2dfd212a1a77a9,1,0.5,0.6759299999999999,0.619116,0.30971317948882465,0.6767316666666666,0.6203571666666667,0.3104086134822305
608aa18a3c2dfd212a1a77a9,2,0.5,0.6775866666666667,0.6216453333333334,0.30996352537433536,0.6770166666666667,0.6207865555555556,0.3102602507795988
608aa18a3c2dfd212a1a77a9,3,0.5,0.6785766666666666,0.6215203333333333,0.30971648081373343,0.6774066666666666,0.62097,0.3101243082881324
608aa18a3c2dfd212a1a77a9,4,0.5,0.6804166666666667,0.6238076666666666,0.30527424063132225,0.6780086666666667,0.6215375333333333,0.30915429475677036
608aa18a3c2dfd212a1a77a9,5,0.5,0.6772466666666667,0.6206596666666666,0.30606576115718215,0.6778816666666666,0.6213912222222222,0.308639539156839
608aa18a3c2dfd212a1a77a9,6,0.5,0.6771933333333333,0.620277,0.3082662514240468,0.6777833333333333,0.6212320476190476,0.3085862123378687
608aa18a3c2dfd212a1a77a9,7,0.5,0.67487,0.6184956666666666,0.31344662661268147,0.6774191666666667,0.6208899999999999,0.30919376412222027
608aa18a3c2dfd212a1a77a9,8,0.5,0.6744399999999999,0.6178760000000001,0.3137963532297428,0.6770881481481481,0.6205551111111112,0.309705162911945
608aa18a3c2dfd212a1a77a9,9,0.5,0.6716066666666667,0.6146119999999999,0.31050538239747155,0.6765399999999999,0.6199608,0.30978518486049766
608aa18a3c2dfd212a1a77a9,10,0.5,0.67126,0.6154743333333333,0.3118793686361513,0.67606,0.6195529393939393,0.3099755652037389
608aa18a3c2dfd212a1a77a9,11,0.5,0.67319,0.6177123333333333,0.3085157504495075,0.6758208333333333,0.6193995555555555,0.30985391397421963
5f02fbee212873485f6ce5b8,0,0.5,0.67841,0.6222460000000001,0.3093989772556952,0.67841,0.6222460000000001,0.3093989772556952
5eee30178ad8d20a8354fbac,0,0.5,0.6767266666666667,0.6214066666666667,0.3056536932420604,0.6767266666666667,0.6214066666666667,0.3056536932420604
5eee30178ad8d20a8354fbac,1,0.5,0.6795966666666666,0.6241396666666668,0.308270695086644,0.6781616666666667,0.6227731666666667,0.3069621941643522
5eee30178ad8d20a8354fbac,2,0.5,0.6785666666666667,0.6224423333333333,0.3094748982972726,0.6782966666666667,0.6226628888888889,0.307799762208659
5eee30178ad8d20a8354fbac,3,0.5,0.67542,0.6203436666666666,0.30289869754643395,0.6775774999999999,0.6220830833333333,0.3065744960431027
61528e4039817788730f3263,0,0.5,0.6775333333333333,0.6215983333333334,0.31110404747563625,0.6775333333333333,0.6215983333333334,0.31110404747563625
61528e4039817788730f3263,1,0.5,0.6805066666666667,0.624282,0.31037301220497304,0.67902,0.6229401666666667,0.31073852984030464
60fbdc84b5cf124b05ece11b,0,0.5,0.6773866666666667,0.6218603333333335,0.3085945808721744,0.6773866666666667,0.6218603333333335,0.3085945808721744
60fbdc84b5cf124b05ece11b,1,0.5,0.6780299999999999,0.6219626666666667,0.30988315245424675,0.6777083333333334,0.6219115000000001,0.30923886666321054
60fbdc84b5cf124b05ece11b,2,0.5,0.6776966666666666,0.6218583333333334,0.308580044132769,0.6777044444444443,0.6218937777777779,0.3090192591530634
60fbdc84b5cf124b05ece11b,3,0.5,0.67457,0.6184076666666667,0.3089170872235563,0.6769208333333333,0.62102225,0.3089937161706866
60fbdc84b5cf124b05ece11b,4,0.5,0.67523,0.618428,0.3069989297453164,0.6765826666666667,0.6205034,0.30859475888561255
60fbdc84b5cf124b05ece11b,5,0.5,0.6777833333333334,0.621669,0.30656344692523696,0.6767827777777778,0.6206976666666667,0.3082562068922166
60fbdc84b5cf124b05ece11b,6,0.5,0.6787366666666665,0.6218396666666667,0.3094869357359535,0.6770619047619048,0.6208608095238095,0.30843202529846475
60fbdc84b5cf124b05ece11b,7,0.5,0.6749066666666668,0.6189026666666666,0.30991487040522964,0.6767925,0.6206160416666667,0.30861738093681035
60fbdc84b5cf124b05ece11b,8,0.5,0.6743133333333333,0.6173416666666667,0.310235985748077,0.676517037037037,0.6202522222222222,0.30879722591583997
60fbdc84b5cf124b05ece11b,9,0.5,0.6751,0.6181639999999999,0.3095003429966231,0.6763753333333333,0.6200434,0.30886753762391833
60fbdc84b5cf124b05ece11b,10,0.5,0.6763266666666666,0.619232,0.30661366800133466,0.6763709090909091,0.6199696363636363,0.3086626403855016
5ebed23204aa470f9e1299bb,0,0.5,0.67841,0.6222460000000001,0.3093989772556952,0.67841,0.6222460000000001,0.3093989772556952
5ebed23204aa470f9e1299bb,1,0.5,0.6771199999999999,0.622589,0.30719193455142735,0.677765,0.6224175000000001,0.3082954559035613
5ebed23204aa470f9e1299bb,2,0.5,0.6799266666666666,0.6234693333333334,0.31102934270533356,0.6784855555555556,0.6227681111111112,0.30920675150415206
5ebed23204aa470f9e1299bb,3,0.5,0.6779033333333333,0.621775,0.3105976643073034,0.6783399999999999,0.6225198333333334,0.3095544797049399
5ebed23204aa470f9e1299bb,4,0.5,0.6799566666666667,0.623305,0.30953876800317465,0.6786633333333333,0.6226768666666667,0.30955133736458684
5ebed23204aa470f9e1299bb,5,0.5,0.67813,0.6222736666666666,0.3108879394336831,0.6785744444444445,0.6226096666666666,0.30977410437610287
5ebed23204aa470f9e1299bb,6,0.5,0.6767266666666667,0.6214999999999999,0.30946404846132286,0.6783104761904761,0.6224511428571429,0.30972981067399147
5ebed23204aa470f9e1299bb,7,0.5,0.6766766666666666,0.6199753333333333,0.31110395226962817,0.6781062499999999,0.6221416666666667,0.309901578373446
5ebed23204aa470f9e1299bb,8,0.5,0.67962,0.6223186666666667,0.3127097301668878,0.6782744444444444,0.6221613333333333,0.310213595239384
5ebed23204aa470f9e1299bb,9,0.5,0.67693,0.6211416666666667,0.31269767623882316,0.67814,0.6220593666666667,0.31046200333932794
5ebed23204aa470f9e1299bb,10,0.5,0.6753866666666667,0.6203336666666667,0.3109840876216097,0.6778896969696969,0.6219024848484849,0.3105094655468081
5ebed23204aa470f9e1299bb,11,0.5,0.6750566666666666,0.617803,0.31073761547712986,0.677653611111111,0.6215608611111111,0.31052847804100153
613a98d6fcbac0ce210ec3e6,0,0.5,0.67841,0.6222460000000001,0.3093989772556952,0.67841,0.6222460000000001,0.3093989772556952
613a98d6fcbac0ce210ec3e6,1,0.5,0.6783600000000001,0.6229933333333333,0.3035987167317625,0.678385,0.6226196666666667,0.30649884699372887
613a98d6fcbac0ce210ec3e6,2,0.5,0.6758900000000001,0.6202116666666666,0.3039686041483269,0.6775533333333333,0.621817,0.3056554327119282
613a98d6fcbac0ce210ec3e6,3,0.5,0.68123,0.6249596666666667,0.30233461120152055,0.6784725,0.6226026666666666,0.30482522733432627
613a98d6fcbac0ce210ec3e6,4,0.5,0.6767833333333333,0.620534,0.3048997288103424,0.6781346666666667,0.6221889333333334,0.3048401276295295
613a98d6fcbac0ce210ec3e6,5,0.5,0.68018,0.6244400000000001,0.3081317010229532,0.6784755555555556,0.6225641111111111,0.3053887231951001
613a98d6fcbac0ce210ec3e6,6,0.5,0.67703,0.6205453333333333,0.30434274674951295,0.6782690476190476,0.6222757142857143,0.3052392979885877
613a98d6fcbac0ce210ec3e6,7,0.5,0.6790233333333333,0.6236823333333334,0.305002040181836,0.6783633333333333,0.6224515416666667,0.3052096407627437
613a98d6fcbac0ce210ec3e6,8,0.5,0.6767700000000001,0.620609,0.31081757594798937,0.6781862962962963,0.6222468148148148,0.30583274467221544
613a98d6fcbac0ce210ec3e6,9,0.5,0.6746233333333334,0.6197013333333334,0.3085758145289711,0.6778299999999999,0.6219922666666667,0.30610705165789104
613a98d6fcbac0ce210ec3e6,10,0.5,0.67655,0.6194356666666667,0.30858599510997686,0.6777136363636364,0.6217598484848484,0.3063324101535352
613a98d6fcbac0ce210ec3e6,11,0.5,0.6748266666666667,0.6183056666666666,0.3124208061597352,0.6774730555555556,0.621472,0.3068397764873852
613a98d6fcbac0ce210ec3e6,12,0.5,0.6742166666666667,0.6178163333333333,0.3083656585276217,0.6772225641025641,0.6211907948717948,0.3069571520289418
613a98d6fcbac0ce210ec3e6,13,0.5,0.6753133333333333,0.6182726666666667,0.3077840407221289,0.6770861904761905,0.6209823571428572,0.3070162155070267
613a98d6fcbac0ce210ec3e6,14,0.5,0.6755199999999999,0.6200206666666666,0.3082312254981231,0.6769817777777778,0.6209182444444444,0.3070972161730997
61320a26c3013321c8d54600,0,0.5,0.67647,0.619227,0.30598314998368553,0.67647,0.619227,0.30598314998368553
6033acf84fec17043ffef374,0,0.5,0.67841,0.6222460000000001,0.3093989772556952,0.67841,0.6222460000000001,0.3093989772556952
6033acf84fec17043ffef374,1,0.5,0.67656,0.6212416666666667,0.31162036865423065,0.677485,0.6217438333333334,0.3105096729549629
6033acf84fec17043ffef374,2,0.5,0.6781133333333333,0.6209546666666667,0.30707121397880116,0.6776944444444445,0.6214807777777778,0.309363519962909
6033acf84fec17043ffef374,3,0.5,0.67945,0.6234456666666667,0.30695769628026726,0.6781333333333334,0.621972,0.3087620640422486
6033acf84fec17043ffef374,4,0.5,0.6788233333333333,0.6227073333333334,0.30998936242202835,0.6782713333333333,0.6221190666666667,0.3090075237182045
6033acf84fec17043ffef374,5,0.5,0.6756633333333333,0.619923,0.3089387825838007,0.6778366666666668,0.6217530555555556,0.30899606686247055
6033acf84fec17043ffef374,6,0.5,0.6795433333333334,0.6230709999999999,0.30416409644256626,0.6780804761904762,0.6219413333333333,0.3083057853739128
6033acf84fec17043ffef374,7,0.5,0.6755966666666666,0.620602,0.3058887832482878,0.67777,0.6217739166666667,0.3080036601082097
6033acf84fec17043ffef374,8,0.5,0.6789533333333333,0.624317,0.30557270370263734,0.6779014814814814,0.6220564814814815,0.3077335538409238
6033acf84fec17043ffef374,9,0.5,0.6775766666666667,0.6217236666666667,0.30641764649613695,0.677869,0.6220232,0.30760196310644516
6033acf84fec17043ffef374,10,0.5,0.67886,0.6244003333333334,0.3047255244823937,0.6779590909090909,0.6222393030303031,0.30734046868607684
6033acf84fec17043ffef374,11,0.5,0.67832,0.6224793333333334,0.30970971972242234,0.6779891666666668,0.6222593055555555,0.307537906272439
6033acf84fec17043ffef374,12,0.5,0.6805466666666666,0.6240913333333333,0.30430054548718954,0.6781858974358974,0.6224002307692308,0.30728887851972747
6033acf84fec17043ffef374,13,0.5,0.6775466666666666,0.620765,0.3034822114871396,0.678140238095238,0.6222834285714286,0.30701697373168546
6033acf84fec17043ffef374,14,0.5,0.6784399999999999,0.6225323333333332,0.30427877978504414,0.6781602222222223,0.6223000222222221,0.3068344274685761
6033acf84fec17043ffef374,15,0.5,0.67877,0.6231613333333333,0.3028782114779077,0.6781983333333333,0.6223538541666667,0.3065871639691593
6033acf84fec17043ffef374,16,0.5,0.67832,0.621863,0.30595544080716586,0.6782054901960785,0.6223249803921569,0.30655000378315966
6033acf84fec17043ffef374,17,0.5,0.67909,0.6242266666666667,0.30515624409671593,0.6782546296296297,0.6224306296296296,0.30647257268946837
6033acf84fec17043ffef374,18,0.5,0.6794066666666667,0.6232583333333334,0.3058083124337585,0.6783152631578947,0.6224741929824562,0.30643761162337835
6033acf84fec17043ffef374,19,0.5,0.6789666666666667,0.6224879999999999,0.30503167255913927,0.6783478333333333,0.6224748833333333,0.3063673146701664
6033acf84fec17043ffef374,20,0.5,0.6787166666666666,0.6231933333333333,0.30634523379583767,0.6783653968253968,0.6225090952380953,0.3063662631999603
6033acf84fec17043ffef374,21,0.5,0.6800766666666667,0.6229666666666667,0.3061556796552833,0.6784431818181819,0.622529893939394,0.3063566912206568
6033acf84fec17043ffef374,22,0.5,0.67784,0.6219646666666666,0.3045765409040927,0.6784169565217392,0.6225053188405797,0.3062792933808062
6033acf84fec17043ffef374,23,0.5,0.6748000000000001,0.62004,0.30512076470802735,0.6782662500000001,0.6224025972222222,0.30623102135277375
6033acf84fec17043ffef374,24,0.5,0.67618,0.6215236666666666,0.3029143539040332,0.6781828,0.62236744,0.3060983546548241
6033acf84fec17043ffef374,25,0.5,0.6733166666666667,0.6169766666666666,0.3099234631065815,0.6779956410256409,0.6221601025641026,0.30624547421066095
6033acf84fec17043ffef374,26,0.5,0.6761833333333334,0.620216,0.30846054818290297,0.6779285185185185,0.622088098765432,0.30632751398741065
6033acf84fec17043ffef374,27,0.5,0.67391,0.619467,0.30860066969878674,0.677785,0.621994488095238,0.3064086981199598
6033acf84fec17043ffef374,28,0.5,0.6726566666666667,0.6171703333333334,0.31348270894376873,0.6776081609195402,0.6218281379310345,0.3066526295276773
6033acf84fec17043ffef374,29,0.5,0.67482,0.6195106666666667,0.3102071775866122,0.6775152222222223,0.6217508888888889,0.30677111446297517
6033acf84fec17043ffef374,30,0.5,0.6762666666666667,0.6206396666666667,0.3083959312484421,0.6774749462365591,0.6217150430107526,0.30682352790766765
6033acf84fec17043ffef374,31,0.5,0.67713,0.6202493333333333,0.3085928759153564,0.6774641666666666,0.6216692395833333,0.3068788200329079
608ac15b0fd53965a32e5384,0,0.5,0.6782033333333333,0.6210963333333333,0.30793087903659594,0.6782033333333333,0.6210963333333333,0.30793087903659594
608ac15b0fd53965a32e5384,1,0.5,0.67742,0.6227849999999999,0.30713576902689316,0.6778116666666667,0.6219406666666666,0.30753332403174455
608ac15b0fd53965a32e5384,2,0.5,0.6792033333333334,0.6239553333333333,0.3099704031284485,0.6782755555555555,0.6226122222222221,0.30834568373064586
608ac15b0fd53965a32e5384,3,0.5,0.67876,0.6224106666666667,0.3073741372740649,0.6783966666666666,0.6225618333333333,0.3081027971165006
616db113a87ceedca7fbf94a,0,0.5,0.67841,0.6222460000000001,0.3093989772556952,0.67841,0.6222460000000001,0.3093989772556952
616db113a87ceedca7fbf94a,1,0.5,0.6778166666666667,0.6217066666666666,0.3060342138124382,0.6781133333333333,0.6219763333333334,0.3077165955340667
616db113a87ceedca7fbf94a,2,0.5,0.6779133333333334,0.6215816666666667,0.3089410661474473,0.6780466666666666,0.6218447777777778,0.3081247524051936
616db113a87ceedca7fbf94a,3,0.5,0.6783366666666667,0.622657,0.3062578431115698,0.6781191666666667,0.6220478333333334,0.30765802508178763
616db113a87ceedca7fbf94a,4,0.5,0.6791266666666667,0.6239156666666666,0.30718658016034583,0.6783206666666667,0.6224214,0.30756373609749926
616db113a87ceedca7fbf94a,5,0.5,0.6773399999999999,0.6216576666666667,0.3057135142087075,0.6781572222222222,0.6222941111111111,0.30725536578270063
616db113a87ceedca7fbf94a,6,0.5,0.67655,0.6215556666666666,0.3065340638210131,0.677927619047619,0.622188619047619,0.3071523226453167
616db113a87ceedca7fbf94a,7,0.5,0.6780466666666667,0.6218373333333334,0.30772753757122995,0.6779425,0.6221447083333334,0.30722422451105585
616db113a87ceedca7fbf94a,8,0.5,0.67779,0.6220443333333333,0.304501981411821,0.6779255555555556,0.6221335555555556,0.30692175305558533
6150ca3f37e1fe330f70311d,0,0.5,0.67841,0.6222460000000001,0.3093989772556952,0.67841,0.6222460000000001,0.3093989772556952
6150ca3f37e1fe330f70311d,1,0.5,0.6786066666666667,0.6236856666666666,0.3067899033593284,0.6785083333333333,0.6229658333333333,0.30809444030751176
616093ab4117242c856402c6,0,0.5,0.6775333333333333,0.6215983333333334,0.31110404747563625,0.6775333333333333,0.6215983333333334,0.31110404747563625
616093ab4117242c856402c6,1,0.5,0.67856,0.6225656666666667,0.3108049655610685,0.6780466666666667,0.622082,0.3109545065183524
616093ab4117242c856402c6,2,0.5,0.6783233333333334,0.6224263333333333,0.3078906388086161,0.678138888888889,0.6221967777777778,0.30993321728177364
616093ab4117242c856402c6,3,0.5,0.6764433333333333,0.6207283333333333,0.3116673990418009,0.6777150000000001,0.6218296666666667,0.31036676272178043
616093ab4117242c856402c6,4,0.5,0.67918,0.6209560000000001,0.307749651435467,0.6780079999999999,0.6216549333333333,0.3098433404645178
59cbe23a916c4d0001094710,0,0.5,0.67841,0.6222460000000001,0.3093989772556952,0.67841,0.6222460000000001,0.3093989772556952
59cbe23a916c4d0001094710,1,0.5,0.6806266666666667,0.6229936666666667,0.30910016627194675,0.6795183333333333,0.6226198333333334,0.30924957176382095
59cbe23a916c4d0001094710,2,0.5,0.6819766666666667,0.6257613333333333,0.305849280962399,0.6803377777777778,0.6236670000000001,0.3081161414966803
59cbe23a916c4d0001094710,3,0.5,0.6754533333333332,0.6207483333333333,0.30884408926436996,0.6791166666666666,0.6229373333333333,0.3082981284386027
59cbe23a916c4d0001094710,4,0.5,0.6785366666666667,0.621929,0.3072506471478311,0.6790006666666667,0.6227356666666667,0.3080886321804484
59cbe23a916c4d0001094710,5,0.5,0.67645,0.6194333333333333,0.30769230107181145,0.6785755555555556,0.6221852777777778,0.3080225769956756
59cbe23a916c4d0001094710,6,0.5,0.67767,0.6209193333333334,0.3053351426711699,0.6784461904761905,0.6220044285714286,0.30763865780646044
59cbe23a916c4d0001094710,7,0.5,0.6764566666666667,0.6198986666666667,0.3098356844656378,0.6781975,0.6217412083333334,0.30791328613885766
59cbe23a916c4d0001094710,8,0.5,0.6773633333333333,0.620973,0.308302441577201,0.6781048148148148,0.6216558518518519,0.3079565256320069
59cbe23a916c4d0001094710,9,0.5,0.6755233333333334,0.6173326666666666,0.3137297587566326,0.6778466666666667,0.6212235333333334,0.30853384894446945
59cbe23a916c4d0001094710,10,0.5,0.6755233333333334,0.6193299999999999,0.3086332232534712,0.6776354545454546,0.621051393939394,0.30854288297256055
59cbe23a916c4d0001094710,11,0.5,0.6754933333333333,0.6188819999999999,0.30989453171116904,0.6774569444444444,0.6208706111111111,0.3086555203674446
59cbe23a916c4d0001094710,12,0.5,0.6744,0.6179263333333334,0.30849163569819565,0.6772217948717949,0.6206441282051282,0.30864291385442544
59cbe23a916c4d0001094710,13,0.5,0.67493,0.6178356666666667,0.31000842946022833,0.6770580952380952,0.6204435238095238,0.3087404506834113
59cbe23a916c4d0001094710,14,0.5,0.6753133333333333,0.6181386666666666,0.3134096874669337,0.6769417777777778,0.6202898666666666,0.3090517331356462
59cbe23a916c4d0001094710,15,0.5,0.6757166666666667,0.6196379999999999,0.3124884114318209,0.6768652083333333,0.620249125,0.3092665255291571
59cbe23a916c4d0001094710,16,0.5,0.6748066666666667,0.6189513333333334,0.3128498914993883,0.6767441176470588,0.6201727843137255,0.3094773117627001
59cbe23a916c4d0001094710,17,0.5,0.6780999999999999,0.6198293333333333,0.31273426736973914,0.6768194444444444,0.6201537037037037,0.30965825374086897
59cbe23a916c4d0001094710,18,0.5,0.6731233333333333,0.6176423333333334,0.31212504959741566,0.6766249122807018,0.6200215263157896,0.30978808510173983
59cbe23a916c4d0001094710,19,0.5,0.6766,0.6206463333333333,0.3075879438395115,0.6766236666666667,0.6200527666666666,0.3096780780386284
59cbe23a916c4d0001094710,20,0.5,0.6728333333333334,0.6170606666666667,0.3098996004049282,0.6764431746031746,0.6199102857142856,0.3096886267227379
612288702a5316519e4e9602,0,0.5,0.67841,0.6222460000000001,0.3093989772556952,0.67841,0.6222460000000001,0.3093989772556952
612288702a5316519e4e9602,1,0.5,0.6783600000000001,0.6229933333333333,0.3035987167317625,0.678385,0.6226196666666667,0.30649884699372887
612288702a5316519e4e9602,2,0.5,0.6758900000000001,0.6202116666666666,0.3039686041483269,0.6775533333333333,0.621817,0.3056554327119282
612288702a5316519e4e9602,3,0.5,0.6769433333333332,0.621405,0.30757712008948157,0.6774008333333333,0.621714,0.30613585455631653
612288702a5316519e4e9602,4,0.5,0.6764266666666667,0.6214956666666667,0.30362096541425043,0.677206,0.6216703333333333,0.3056328767279033
612288702a5316519e4e9602,5,0.5,0.6791866666666666,0.6223556666666668,0.3056317830020479,0.677536111111111,0.6217845555555556,0.30563269444026075
612288702a5316519e4e9602,6,0.5,0.67735,0.619424,0.3083986397569471,0.6775095238095238,0.6214473333333334,0.3060278294855016
612288702a5316519e4e9602,7,0.5,0.6772199999999999,0.6204259999999999,0.3093731046468573,0.6774733333333334,0.6213196666666667,0.3064459888806711
612288702a5316519e4e9602,8,0.5,0.6749166666666666,0.6189693333333333,0.30716436582705914,0.6771892592592592,0.6210585185185185,0.3065258085413809
612288702a5316519e4e9602,9,0.5,0.6757233333333332,0.6189523333333333,0.3080749146617787,0.6770426666666667,0.6208479,0.30668071915342066
612288702a5316519e4e9602,10,0.5,0.67868,0.6213413333333333,0.30886056992904465,0.6771915151515151,0.6208927575757576,0.30687888740575014
6124d49e3031bec395675af2,0,0.5,0.67841,0.6222460000000001,0.3093989772556952,0.67841,0.6222460000000001,0.3093989772556952
6124d49e3031bec395675af2,1,0.5,0.6758633333333333,0.6197076666666667,0.30482543916179494,0.6771366666666666,0.6209768333333334,0.3071122082087451
6124d49e3031bec395675af2,2,0.5,0.6761900000000001,0.619019,0.3044312425481676,0.6768211111111112,0.6203242222222222,0.3062185529885526
6124d49e3031bec395675af2,3,0.5,0.67717,0.6213553333333333,0.30601619891638604,0.6769083333333333,0.620582,0.306167964470511
6124d49e3031bec395675af2,4,0.5,0.6758566666666668,0.6185853333333333,0.3058468083314949,0.676698,0.6201826666666667,0.3061037332427078
6124d49e3031bec395675af2,5,0.5,0.67784,0.6219323333333333,0.3086430493971744,0.6768883333333333,0.6204742777777777,0.30652695260178553
61516f157092b66018472a2f,0,0.5,0.6775333333333333,0.6215983333333334,0.31110404747563625,0.6775333333333333,0.6215983333333334,0.31110404747563625
61516f157092b66018472a2f,1,0.5,0.6749366666666667,0.619881,0.3085774072007052,0.676235,0.6207396666666667,0.3098407273381707
61516f157092b66018472a2f,2,0.5,0.6767166666666666,0.621388,0.3087931845761919,0.6763955555555556,0.6209557777777778,0.30949154641751114
61516f157092b66018472a2f,3,0.5,0.6732366666666666,0.6171753333333334,0.3092563037487267,0.6756058333333333,0.6200106666666667,0.30943273575031505
61516f157092b66018472a2f,4,0.5,0.6765066666666666,0.6206626666666667,0.3094726294464021,0.675786,0.6201410666666667,0.3094407144895325
61516f157092b66018472a2f,5,0.5,0.6746399999999999,0.6187286666666667,0.3084434657451709,0.675595,0.6199056666666667,0.3092745063654722
61516f157092b66018472a2f,6,0.5,0.6714600000000001,0.6159963333333334,0.3131784534473005,0.6750042857142857,0.6193471904761906,0.30983221309144765
5f315855cb8aea6276244c19,0,0.5,0.67565,0.6189586666666667,0.30920791922097113,0.67565,0.6189586666666667,0.30920791922097113
5f315855cb8aea6276244c19,1,0.5,0.6779900000000001,0.6214626666666667,0.3084823448891042,0.67682,0.6202106666666667,0.30884513205503766
5f315855cb8aea6276244c19,2,0.5,0.6775533333333333,0.6216139999999999,0.3071232920800527,0.6770644444444445,0.6206784444444444,0.30827118539670934
5f315855cb8aea6276244c19,3,0.5,0.6722733333333333,0.6171896666666666,0.3110424721526382,0.6758666666666666,0.61980625,0.30896400708569155
5f315855cb8aea6276244c19,4,0.5,0.6778433333333334,0.6222183333333333,0.3112459552761915,0.676262,0.6202886666666666,0.3094203967237915
5f28221bb87bb70bb9731f2c,0,0.5,0.67647,0.619227,0.30598314998368553,0.67647,0.619227,0.30598314998368553
5f28221bb87bb70bb9731f2c,1,0.5,0.6762199999999999,0.6201226666666666,0.30294064490517625,0.676345,0.6196748333333333,0.30446189744443086
5f28221bb87bb70bb9731f2c,2,0.5,0.67828,0.6236349999999999,0.3034921147521683,0.67699,0.6209948888888889,0.30413863654701
5f28221bb87bb70bb9731f2c,3,0.5,0.67664,0.6215803333333334,0.304193982829771,0.6769025,0.62114125,0.3041524731177003
5f28221bb87bb70bb9731f2c,4,0.5,0.6773733333333333,0.6209726666666666,0.30623847905697793,0.6769966666666667,0.6211075333333334,0.3045696743055558
5f28221bb87bb70bb9731f2c,5,0.5,0.6747966666666667,0.6197543333333333,0.3061723661049428,0.67663,0.6208819999999999,0.30483678960545363
5f28221bb87bb70bb9731f2c,6,0.5,0.6741666666666667,0.61877,0.3041470464658748,0.6762780952380952,0.6205802857142857,0.3047382548712281
5f28221bb87bb70bb9731f2c,7,0.5,0.6773433333333333,0.623208,0.3028554248909506,0.67641125,0.62090875,0.3045029011236934
5f28221bb87bb70bb9731f2c,8,0.5,0.6751366666666666,0.620386,0.3058239962617263,0.6762696296296296,0.6208506666666667,0.30464968947236376
5f28221bb87bb70bb9731f2c,9,0.5,0.67648,0.6210973333333333,0.30416669808919794,0.6762906666666667,0.6208753333333333,0.30460139033404715
61687ebcd2a35ffb762d1928,0,0.5,0.6789233333333333,0.6240413333333333,0.30289495643234665,0.6789233333333333,0.6240413333333333,0.30289495643234665
61687ebcd2a35ffb762d1928,1,0.5,0.6769633333333334,0.6219803333333334,0.3044587627272906,0.6779433333333333,0.6230108333333333,0.3036768595798186
61687ebcd2a35ffb762d1928,2,0.5,0.6771466666666667,0.6209463333333334,0.30944894692963254,0.6776777777777778,0.6223226666666667,0.30560088869642327
6088a7e22d5b98ef3f813a22,0,0.5,0.6779,0.621487,0.3037750061857255,0.6779,0.621487,0.3037750061857255
6088a7e22d5b98ef3f813a22,1,0.5,0.6775066666666667,0.622626,0.2989470841046146,0.6777033333333333,0.6220565,0.30136104514517004
6088a7e22d5b98ef3f813a22,2,0.5,0.6741733333333333,0.6198079999999999,0.3071539617593635,0.6765266666666667,0.6213069999999999,0.3032920173499012
6088a7e22d5b98ef3f813a22,3,0.5,0.6797066666666667,0.623108,0.30794397315880634,0.6773216666666666,0.6217572499999999,0.3044550063021275
6088a7e22d5b98ef3f813a22,4,0.5,0.6758333333333333,0.6206786666666667,0.3077219878380049,0.677024,0.6215415333333334,0.305108402609303
6088a7e22d5b98ef3f813a22,5,0.5,0.67595,0.620378,0.30953520644323607,0.676845,0.6213476111111111,0.3058462032482918
6088a7e22d5b98ef3f813a22,6,0.5,0.6770766666666668,0.6212343333333333,0.31178538084537705,0.6768780952380953,0.6213314285714285,0.3066946571907326
6088a7e22d5b98ef3f813a22,7,0.5,0.6728933333333333,0.617278,0.3069843785387418,0.67638,0.62082475,0.30673087235923374
6088a7e22d5b98ef3f813a22,8,0.5,0.67279,0.6165903333333334,0.3062195683102849,0.6759811111111111,0.6203542592592592,0.3066740607982394
6088a7e22d5b98ef3f813a22,9,0.5,0.6760200000000001,0.6191013333333333,0.3138990998870341,0.6759850000000001,0.6202289666666666,0.3073965647071189
6047ff03cb24e712c17514b7,0,0.5,0.67841,0.6222460000000001,0.3093989772556952,0.67841,0.6222460000000001,0.3093989772556952
6047ff03cb24e712c17514b7,1,0.5,0.6769766666666666,0.6207386666666668,0.30877438644462196,0.6776933333333333,0.6214923333333334,0.3090866818501586
6047ff03cb24e712c17514b7,2,0.5,0.6770066666666668,0.6217429999999999,0.305147802170552,0.6774644444444444,0.6215758888888889,0.30777372195695635
6047ff03cb24e712c17514b7,3,0.5,0.6779600000000001,0.6210389999999999,0.3101585017110744,0.6775883333333333,0.6214416666666667,0.3083699168954859
6047ff03cb24e712c17514b7,4,0.5,0.6781366666666666,0.6221,0.3045584436604451,0.677698,0.6215733333333333,0.3076076222484777
6047ff03cb24e712c17514b7,5,0.5,0.6766366666666667,0.620817,0.30527622649312447,0.6775211111111111,0.6214472777777778,0.3072190562892522
6229dc51dff340226697778e,0,0.5,0.67841,0.6222460000000001,0.3093989772556952,0.67841,0.6222460000000001,0.3093989772556952
6229dc51dff340226697778e,1,0.5,0.6783600000000001,0.6229933333333333,0.3035987167317625,0.678385,0.6226196666666667,0.30649884699372887
6229dc51dff340226697778e,2,0.5,0.6768799999999999,0.62082,0.3057151963511438,0.6778833333333333,0.6220197777777777,0.30623763011286714
614b55e22ff3944a165736bb,0,0.5,0.67777,0.6217043333333334,0.3060598140336607,0.67777,0.6217043333333334,0.3060598140336607
614b55e22ff3944a165736bb,1,0.5,0.6779633333333333,0.623563,0.30297444391485123,0.6778666666666666,0.6226336666666668,0.304517128974256
614b55e22ff3944a165736bb,2,0.5,0.6772266666666666,0.621089,0.30863747748773407,0.6776533333333333,0.6221187777777778,0.3058905784787487
614b55e22ff3944a165736bb,3,0.5,0.67708,0.6220083333333333,0.3050475559061532,0.67751,0.6220911666666666,0.3056798228355998
614b55e22ff3944a165736bb,4,0.5,0.6772533333333333,0.6211,0.3058161421693996,0.6774586666666667,0.6218929333333334,0.3057070867023598
614b55e22ff3944a165736bb,5,0.5,0.68031,0.6235983333333333,0.30402086023537006,0.677933888888889,0.6221771666666667,0.30542604895786146
614b55e22ff3944a165736bb,6,0.5,0.6751933333333333,0.6206313333333333,0.3032673092141601,0.6775423809523808,0.6219563333333333,0.30511765756590414
614b55e22ff3944a165736bb,7,0.5,0.67598,0.6206473333333333,0.30728290336494335,0.6773470833333333,0.6217927083333333,0.30538831329078403
614b55e22ff3944a165736bb,8,0.5,0.67516,0.6199743333333333,0.3049212103326805,0.677104074074074,0.6215906666666666,0.3053364129621059
614b55e22ff3944a165736bb,9,0.5,0.6773633333333333,0.6215913333333334,0.3030827009143972,0.67713,0.6215907333333333,0.305111041757335
614b55e22ff3944a165736bb,10,0.5,0.6774866666666668,0.6213206666666666,0.3049505304080133,0.6771624242424242,0.6215661818181818,0.3050964498164876
614b55e22ff3944a165736bb,11,0.5,0.6768033333333334,0.6215046666666666,0.30541120393621596,0.6771325,0.6215610555555555,0.3051226793264649
614b55e22ff3944a165736bb,12,0.5,0.67656,0.6215096666666666,0.305497700023381,0.6770884615384615,0.6215571025641025,0.3051515270723816
614b55e22ff3944a165736bb,13,0.5,0.6783,0.6224713333333334,0.30215548217489646,0.677175,0.6216224047619047,0.30493752386541834
614b55e22ff3944a165736bb,14,0.5,0.6742466666666667,0.6184053333333333,0.3059630847450092,0.6769797777777777,0.6214079333333333,0.3050058945907244
614b55e22ff3944a165736bb,15,0.5,0.6777833333333334,0.6222113333333332,0.3052910275451397,0.67703,0.6214581458333333,0.3050237154003754
606c6e9f7e86c0264ab3d7d8,0,0.5,0.67841,0.6222460000000001,0.3093989772556952,0.67841,0.6222460000000001,0.3093989772556952
606c6e9f7e86c0264ab3d7d8,1,0.5,0.6783600000000001,0.6229933333333333,0.3035987167317625,0.678385,0.6226196666666667,0.30649884699372887
606c6e9f7e86c0264ab3d7d8,2,0.5,0.6758900000000001,0.6202116666666666,0.3039686041483269,0.6775533333333333,0.621817,0.3056554327119282
606c6e9f7e86c0264ab3d7d8,3,0.5,0.6769433333333332,0.621405,0.30757712008948157,0.6774008333333333,0.621714,0.30613585455631653
606c6e9f7e86c0264ab3d7d8,4,0.5,0.6764266666666667,0.6214956666666667,0.30362096541425043,0.677206,0.6216703333333333,0.3056328767279033
606c6e9f7e86c0264ab3d7d8,5,0.5,0.6791866666666666,0.6223556666666668,0.3056317830020479,0.677536111111111,0.6217845555555556,0.30563269444026075
606c6e9f7e86c0264ab3d7d8,6,0.5,0.6781966666666667,0.622356,0.3067475190155669,0.6776304761904762,0.6218661904761904,0.30579195509387586
606c6e9f7e86c0264ab3d7d8,7,0.5,0.6771166666666666,0.6223496666666668,0.30498621333475984,0.67756625,0.6219266250000001,0.3056912373739864
5d66f23706e589000157e7ec,0,0.5,0.67841,0.6222460000000001,0.3093989772556952,0.67841,0.6222460000000001,0.3093989772556952
5d66f23706e589000157e7ec,1,0.5,0.6778166666666667,0.6217066666666666,0.3060342138124382,0.6781133333333333,0.6219763333333334,0.3077165955340667
5d66f23706e589000157e7ec,2,0.5,0.6770066666666668,0.6217429999999999,0.305147802170552,0.6777444444444445,0.6218985555555555,0.30686033107956184
