serial number,timestamp,ID,App ID,Pattern,Function,Attribute,Value,Lower bound,Upper bound
1,2022-12-20 14:34:14.909347,5e909231933994023e8b3c4d,,,Login,,,,
2,2022-12-20 14:38:33.948590,5e909231933994023e8b3c4d,106647,None,select_applications,None,106647,None,None
3,2022-12-20 14:38:50.881011,5e909231933994023e8b3c4d,106647,None,select_applications,None,106647,None,None
4,2022-12-20 14:39:25.758417,5e909231933994023e8b3c4d,0,None,Applications_Prediction_Confidence,None,ascend,,
5,2022-12-20 14:39:33.335221,5e909231933994023e8b3c4d,106823,None,select_applications,None,106823,None,None
6,2022-12-20 14:39:38.654194,5e909231933994023e8b3c4d,106823,None,select_applications,None,106823,None,None
7,2022-12-20 14:39:40.331162,5e909231933994023e8b3c4d,106823,None,select_applications,None,106823,None,None
8,2022-12-20 14:39:40.335007,5e909231933994023e8b3c4d,106823,None,select_reject_application,fair,[],0,0
9,2022-12-20 14:39:42.095301,5e909231933994023e8b3c4d,106823,None,select_applications,None,106823,None,None
10,2022-12-20 14:39:49.990072,5e909231933994023e8b3c4d,0,None,Applications_Prediction_Confidence,None,ascend,,
11,2022-12-20 14:39:51.477224,5e909231933994023e8b3c4d,106647,None,select_applications,None,106647,None,None
12,2022-12-20 14:39:53.707466,5e909231933994023e8b3c4d,106647,None,select_applications,None,106647,None,None
13,2022-12-20 14:39:53.711255,5e909231933994023e8b3c4d,106647,None,select_reject_application,unfair,[],0,0
14,2022-12-20 14:39:57.661074,5e909231933994023e8b3c4d,106647,None,select_applications,None,106647,None,None
15,2022-12-20 14:40:03.801604,5e909231933994023e8b3c4d,106401,None,select_applications,None,106401,None,None
16,2022-12-20 14:40:32.657146,5e909231933994023e8b3c4d,106401,None,select_applications,None,106401,None,None
17,2022-12-20 14:40:32.661864,5e909231933994023e8b3c4d,106401,None,select_applications,None,106401,None,None
18,2022-12-20 14:40:32.725726,5e909231933994023e8b3c4d,106401,None,select_reject_application,unfair,[],0,0
19,2022-12-20 14:40:35.032419,5e909231933994023e8b3c4d,106401,None,select_applications,None,106401,None,None
20,2022-12-20 14:41:04.203472,5e909231933994023e8b3c4d,106861,None,select_applications,None,106861,None,None
21,2022-12-20 14:41:09.714194,5e909231933994023e8b3c4d,106861,None,select_applications,None,106861,None,None
22,2022-12-20 14:41:09.721315,5e909231933994023e8b3c4d,106861,None,select_reject_application,unfair,[],0,0
23,2022-12-20 14:41:09.722612,5e909231933994023e8b3c4d,106861,None,select_applications,None,106861,None,None
24,2022-12-20 14:41:12.517785,5e909231933994023e8b3c4d,106861,None,select_applications,None,106861,None,None
25,2022-12-20 14:41:15.710119,5e909231933994023e8b3c4d,100001,None,select_applications,None,100001,None,None
26,2022-12-20 14:41:23.545404,5e909231933994023e8b3c4d,100001,None,select_applications,None,100001,None,None
27,2022-12-20 14:41:23.548989,5e909231933994023e8b3c4d,100001,None,select_reject_application,fair,[],0,0
28,2022-12-20 14:41:25.574979,5e909231933994023e8b3c4d,100001,None,select_applications,None,100001,None,None
29,2022-12-20 14:41:32.141791,5e909231933994023e8b3c4d,100005,None,select_applications,None,100005,None,None
30,2022-12-20 14:41:52.367035,5e909231933994023e8b3c4d,100005,None,select_applications,None,100005,None,None
31,2022-12-20 14:41:54.037559,5e909231933994023e8b3c4d,100005,None,select_reject_application,unfair,[],0,0
32,2022-12-20 14:41:54.039824,5e909231933994023e8b3c4d,100005,None,select_applications,None,100005,None,None
33,2022-12-20 14:41:56.447450,5e909231933994023e8b3c4d,100005,None,select_applications,None,100005,None,None
34,2022-12-20 14:41:58.971671,5e909231933994023e8b3c4d,100013,None,select_applications,None,100013,None,None
35,2022-12-20 14:42:00.199210,5e909231933994023e8b3c4d,100013,None,select_applications,None,100013,None,None
36,2022-12-20 14:42:00.200319,5e909231933994023e8b3c4d,100013,None,select_applications,None,100013,None,None
37,2022-12-20 14:42:00.202340,5e909231933994023e8b3c4d,100013,None,select_reject_application,fair,[],0,0
38,2022-12-20 14:42:01.490487,5e909231933994023e8b3c4d,100013,None,select_applications,None,100013,None,None
39,2022-12-20 14:42:03.373244,5e909231933994023e8b3c4d,100028,None,select_applications,None,100028,None,None
40,2022-12-20 14:42:05.173022,5e909231933994023e8b3c4d,100028,None,select_applications,None,100028,None,None
41,2022-12-20 14:42:05.176642,5e909231933994023e8b3c4d,100028,None,select_reject_application,fair,[],0,0
42,2022-12-20 14:42:07.524243,5e909231933994023e8b3c4d,100028,None,select_applications,None,100028,None,None
43,2022-12-20 14:42:10.046036,5e909231933994023e8b3c4d,100038,None,select_applications,None,100038,None,None
44,2022-12-20 14:42:11.297490,5e909231933994023e8b3c4d,100038,None,select_applications,None,100038,None,None
45,2022-12-20 14:42:12.494689,5e909231933994023e8b3c4d,100038,None,select_applications,None,100038,None,None
46,2022-12-20 14:42:12.496927,5e909231933994023e8b3c4d,100038,None,select_reject_application,unfair,[],0,0
47,2022-12-20 14:42:14.745304,5e909231933994023e8b3c4d,100038,None,select_applications,None,100038,None,None
48,2022-12-20 14:42:17.724019,5e909231933994023e8b3c4d,100042,None,select_applications,None,100042,None,None
49,2022-12-20 14:42:18.836851,5e909231933994023e8b3c4d,100042,None,select_applications,None,100042,None,None
50,2022-12-20 14:42:18.838820,5e909231933994023e8b3c4d,100042,None,select_reject_application,fair,[],0,0
51,2022-12-20 14:42:21.169088,5e909231933994023e8b3c4d,100042,None,select_applications,None,100042,None,None
52,2022-12-20 14:42:24.339405,5e909231933994023e8b3c4d,100057,None,select_applications,None,100057,None,None
53,2022-12-20 14:42:25.420230,5e909231933994023e8b3c4d,100057,None,select_applications,None,100057,None,None
54,2022-12-20 14:42:25.424828,5e909231933994023e8b3c4d,100057,None,select_reject_application,fair,[],0,0
55,2022-12-20 14:42:26.887501,5e909231933994023e8b3c4d,100057,None,select_applications,None,100057,None,None
56,2022-12-20 14:42:31.822187,5e909231933994023e8b3c4d,100065,None,select_applications,None,100065,None,None
57,2022-12-20 14:42:33.144951,5e909231933994023e8b3c4d,100065,None,select_applications,None,100065,None,None
58,2022-12-20 14:42:33.877383,5e909231933994023e8b3c4d,100065,None,select_applications,None,100065,None,None
59,2022-12-20 14:42:33.882232,5e909231933994023e8b3c4d,100065,None,select_reject_application,unfair,[],0,0
60,2022-12-20 14:42:35.498387,5e909231933994023e8b3c4d,100065,None,select_applications,None,100065,None,None
61,2022-12-20 14:42:50.256213,5e909231933994023e8b3c4d,0,None,apply_refine_search,,,,
62,2022-12-20 14:43:24.105522,5e909231933994023e8b3c4d,100066,None,select_applications,None,100066,None,None
63,2022-12-20 14:43:25.782532,5e909231933994023e8b3c4d,100066,None,select_applications,None,100066,None,None
64,2022-12-20 14:43:25.789027,5e909231933994023e8b3c4d,100066,None,select_applications,None,100066,None,None
65,2022-12-20 14:43:25.787928,5e909231933994023e8b3c4d,100066,None,select_reject_application,fair,[],0,0
66,2022-12-20 14:43:26.979168,5e909231933994023e8b3c4d,100066,None,select_applications,None,100066,None,None
67,2022-12-20 14:43:34.275940,5e909231933994023e8b3c4d,100067,None,select_applications,None,100067,None,None
68,2022-12-20 14:43:35.489279,5e909231933994023e8b3c4d,100067,None,select_applications,None,100067,None,None
69,2022-12-20 14:43:35.495038,5e909231933994023e8b3c4d,100067,None,select_reject_application,fair,[],0,0
70,2022-12-20 14:43:36.658781,5e909231933994023e8b3c4d,100067,None,select_applications,None,100067,None,None
71,2022-12-20 14:43:39.810764,5e909231933994023e8b3c4d,100074,None,select_applications,None,100074,None,None
72,2022-12-20 14:43:41.221424,5e909231933994023e8b3c4d,100074,None,select_applications,None,100074,None,None
73,2022-12-20 14:43:41.225194,5e909231933994023e8b3c4d,100074,None,select_reject_application,unfair,[],0,0
74,2022-12-20 14:43:42.435169,5e909231933994023e8b3c4d,100074,None,select_applications,None,100074,None,None
75,2022-12-20 14:43:46.006253,5e909231933994023e8b3c4d,100090,None,select_applications,None,100090,None,None
76,2022-12-20 14:43:47.156054,5e909231933994023e8b3c4d,100090,None,select_reject_application,fair,[],0,0
77,2022-12-20 14:43:47.155048,5e909231933994023e8b3c4d,100090,None,select_applications,None,100090,None,None
78,2022-12-20 14:43:48.470071,5e909231933994023e8b3c4d,100090,None,select_applications,None,100090,None,None
79,2022-12-20 14:43:51.892324,5e909231933994023e8b3c4d,100091,None,select_applications,None,100091,None,None
80,2022-12-20 14:43:53.500933,5e909231933994023e8b3c4d,100091,None,select_applications,None,100091,None,None
81,2022-12-20 14:43:53.905441,5e909231933994023e8b3c4d,100091,None,select_applications,None,100091,None,None
82,2022-12-20 14:43:53.918227,5e909231933994023e8b3c4d,100091,None,select_reject_application,unfair,[],0,0
83,2022-12-20 14:43:59.799560,5e909231933994023e8b3c4d,100091,None,select_applications,None,100091,None,None
84,2022-12-20 14:44:06.074395,5e909231933994023e8b3c4d,100092,None,select_applications,None,100092,None,None
85,2022-12-20 14:44:07.346321,5e909231933994023e8b3c4d,100092,None,select_applications,None,100092,None,None
86,2022-12-20 14:44:07.351499,5e909231933994023e8b3c4d,100092,None,select_reject_application,fair,[],0,0
87,2022-12-20 14:44:08.561246,5e909231933994023e8b3c4d,100092,None,select_applications,None,100092,None,None
88,2022-12-20 14:44:08.861500,5e909231933994023e8b3c4d,100092,None,select_applications,None,100092,None,None
89,2022-12-20 14:44:17.029501,5e909231933994023e8b3c4d,100042,None,select_applications,None,100042,None,None
90,2022-12-20 14:44:18.649233,5e909231933994023e8b3c4d,100042,None,select_applications,None,100042,None,None
91,2022-12-20 14:44:25.498596,5e909231933994023e8b3c4d,100106,None,select_applications,None,100106,None,None
92,2022-12-20 14:44:26.552565,5e909231933994023e8b3c4d,100106,None,select_applications,None,100106,None,None
93,2022-12-20 14:44:26.555514,5e909231933994023e8b3c4d,100106,None,select_reject_application,fair,[],0,0
94,2022-12-20 14:44:27.549393,5e909231933994023e8b3c4d,100106,None,select_applications,None,100106,None,None
95,2022-12-20 14:44:32.854744,5e909231933994023e8b3c4d,100107,None,select_applications,None,100107,None,None
96,2022-12-20 14:44:35.877560,5e909231933994023e8b3c4d,100107,None,select_applications,None,100107,None,None
97,2022-12-20 14:44:35.881026,5e909231933994023e8b3c4d,100107,None,select_reject_application,fair,[],0,0
98,2022-12-20 14:44:38.032114,5e909231933994023e8b3c4d,100107,None,select_applications,None,100107,None,None
99,2022-12-20 14:44:43.080006,5e909231933994023e8b3c4d,100109,None,select_applications,None,100109,None,None
100,2022-12-20 14:44:44.287536,5e909231933994023e8b3c4d,100109,None,select_reject_application,fair,[],0,0
101,2022-12-20 14:44:44.288511,5e909231933994023e8b3c4d,100109,None,select_applications,None,100109,None,None
102,2022-12-20 14:44:45.558195,5e909231933994023e8b3c4d,100109,None,select_applications,None,100109,None,None
103,2022-12-20 14:44:52.063033,5e909231933994023e8b3c4d,100762,None,select_applications,None,100762,None,None
104,2022-12-20 14:44:53.140654,5e909231933994023e8b3c4d,100762,None,select_applications,None,100762,None,None
105,2022-12-20 14:44:53.142590,5e909231933994023e8b3c4d,100762,None,select_applications,None,100762,None,None
106,2022-12-20 14:44:53.209863,5e909231933994023e8b3c4d,100762,None,select_reject_application,fair,[],0,0
107,2022-12-20 14:44:54.333231,5e909231933994023e8b3c4d,100762,None,select_applications,None,100762,None,None
108,2022-12-20 14:44:57.769784,5e909231933994023e8b3c4d,100760,None,select_applications,None,100760,None,None
109,2022-12-20 14:44:59.086305,5e909231933994023e8b3c4d,100760,None,select_applications,None,100760,None,None
110,2022-12-20 14:44:59.087417,5e909231933994023e8b3c4d,100760,None,select_applications,None,100760,None,None
111,2022-12-20 14:44:59.092769,5e909231933994023e8b3c4d,100760,None,select_reject_application,fair,[],0,0
112,2022-12-20 14:45:01.201188,5e909231933994023e8b3c4d,100760,None,select_applications,None,100760,None,None
113,2022-12-20 14:45:05.602530,5e909231933994023e8b3c4d,100754,None,select_applications,None,100754,None,None
114,2022-12-20 14:45:06.674786,5e909231933994023e8b3c4d,100754,None,select_applications,None,100754,None,None
115,2022-12-20 14:45:06.677053,5e909231933994023e8b3c4d,100754,None,select_applications,None,100754,None,None
116,2022-12-20 14:45:06.681225,5e909231933994023e8b3c4d,100754,None,select_reject_application,fair,[],0,0
117,2022-12-20 14:45:07.965197,5e909231933994023e8b3c4d,100754,None,select_applications,None,100754,None,None
118,2022-12-20 14:45:12.817832,5e909231933994023e8b3c4d,100753,None,select_applications,None,100753,None,None
119,2022-12-20 14:45:13.803005,5e909231933994023e8b3c4d,100753,None,select_applications,None,100753,None,None
120,2022-12-20 14:45:13.801166,5e909231933994023e8b3c4d,100753,None,select_applications,None,100753,None,None
121,2022-12-20 14:45:13.809736,5e909231933994023e8b3c4d,100753,None,select_reject_application,unfair,[],0,0
122,2022-12-20 14:45:15.082981,5e909231933994023e8b3c4d,100753,None,select_applications,None,100753,None,None
123,2022-12-20 14:45:20.276834,5e909231933994023e8b3c4d,100752,None,select_applications,None,100752,None,None
124,2022-12-20 14:45:23.783827,5e909231933994023e8b3c4d,100752,None,select_applications,None,100752,None,None
125,2022-12-20 14:45:23.786286,5e909231933994023e8b3c4d,100752,None,select_applications,None,100752,None,None
126,2022-12-20 14:45:23.791303,5e909231933994023e8b3c4d,100752,None,select_reject_application,fair,[],0,0
127,2022-12-20 14:45:26.371490,5e909231933994023e8b3c4d,100752,None,select_applications,None,100752,None,None
128,2022-12-20 14:45:32.610600,5e909231933994023e8b3c4d,100751,None,select_applications,None,100751,None,None
129,2022-12-20 14:45:33.909885,5e909231933994023e8b3c4d,100751,None,select_applications,None,100751,None,None
130,2022-12-20 14:45:33.914128,5e909231933994023e8b3c4d,100751,None,select_applications,None,100751,None,None
131,2022-12-20 14:45:33.918100,5e909231933994023e8b3c4d,100751,None,select_reject_application,fair,[],0,0
132,2022-12-20 14:45:35.744919,5e909231933994023e8b3c4d,100751,None,select_applications,None,100751,None,None
133,2022-12-20 14:45:40.795353,5e909231933994023e8b3c4d,100747,None,select_applications,None,100747,None,None
134,2022-12-20 14:45:42.011976,5e909231933994023e8b3c4d,100747,None,select_applications,None,100747,None,None
135,2022-12-20 14:45:42.015123,5e909231933994023e8b3c4d,100747,None,select_applications,None,100747,None,None
136,2022-12-20 14:45:42.016658,5e909231933994023e8b3c4d,100747,None,select_reject_application,fair,[],0,0
137,2022-12-20 14:45:43.309705,5e909231933994023e8b3c4d,100747,None,select_applications,None,100747,None,None
138,2022-12-20 14:45:50.338380,5e909231933994023e8b3c4d,100745,None,select_applications,None,100745,None,None
139,2022-12-20 14:45:52.507946,5e909231933994023e8b3c4d,100745,None,select_applications,None,100745,None,None
140,2022-12-20 14:45:52.512748,5e909231933994023e8b3c4d,100745,None,select_applications,None,100745,None,None
141,2022-12-20 14:45:52.515858,5e909231933994023e8b3c4d,100745,None,select_reject_application,unfair,[],0,0
142,2022-12-20 14:45:54.557935,5e909231933994023e8b3c4d,100745,None,select_applications,None,100745,None,None
143,2022-12-20 14:46:01.033832,5e909231933994023e8b3c4d,100744,None,select_applications,None,100744,None,None
144,2022-12-20 14:46:02.200372,5e909231933994023e8b3c4d,100744,None,select_applications,None,100744,None,None
145,2022-12-20 14:46:02.862537,5e909231933994023e8b3c4d,100744,None,select_applications,None,100744,None,None
146,2022-12-20 14:46:03.222998,5e909231933994023e8b3c4d,100744,None,select_applications,None,100744,None,None
147,2022-12-20 14:46:03.290804,5e909231933994023e8b3c4d,100744,None,select_reject_application,unfair,[],0,0
148,2022-12-20 14:46:05.400597,5e909231933994023e8b3c4d,100744,None,select_applications,None,100744,None,None
149,2022-12-20 14:46:12.256766,5e909231933994023e8b3c4d,100740,None,select_applications,None,100740,None,None
150,2022-12-20 14:46:12.520598,5e909231933994023e8b3c4d,100740,None,select_applications,None,100740,None,None
151,2022-12-20 14:46:12.521587,5e909231933994023e8b3c4d,100740,None,select_applications,None,100740,None,None
152,2022-12-20 14:46:12.804637,5e909231933994023e8b3c4d,100740,None,select_reject_application,unfair,[],0,0
153,2022-12-20 14:46:12.977316,5e909231933994023e8b3c4d,100740,None,select_applications,None,100740,None,None
154,2022-12-20 14:48:22.327903,5e909231933994023e8b3c4d,100117,None,select_applications,None,100117,None,None
155,2022-12-20 14:48:23.389489,5e909231933994023e8b3c4d,100117,None,select_applications,None,100117,None,None
156,2022-12-20 14:48:23.753159,5e909231933994023e8b3c4d,100117,None,select_applications,None,100117,None,None
157,2022-12-20 14:48:24.091860,5e909231933994023e8b3c4d,100117,None,select_applications,None,100117,None,None
158,2022-12-20 14:48:24.096676,5e909231933994023e8b3c4d,100117,None,select_applications,None,100117,None,None
159,2022-12-20 14:48:24.160790,5e909231933994023e8b3c4d,100117,None,select_reject_application,fair,[],0,0
160,2022-12-20 14:48:25.355435,5e909231933994023e8b3c4d,100117,None,select_applications,None,100117,None,None
161,2022-12-20 14:48:31.353192,5e909231933994023e8b3c4d,100729,None,select_applications,None,100729,None,None
162,2022-12-20 14:48:32.486968,5e909231933994023e8b3c4d,100729,None,select_applications,None,100729,None,None
163,2022-12-20 14:48:32.488753,5e909231933994023e8b3c4d,100729,None,select_reject_application,fair,[],0,0
163,2022-12-20 14:48:32.484988,5e909231933994023e8b3c4d,100729,None,select_applications,None,100729,None,None
164,2022-12-20 14:48:33.748305,5e909231933994023e8b3c4d,100729,None,select_applications,None,100729,None,None
165,2022-12-20 14:48:38.364150,5e909231933994023e8b3c4d,100711,None,select_applications,None,100711,None,None
166,2022-12-20 14:48:39.821199,5e909231933994023e8b3c4d,100711,None,select_applications,None,100711,None,None
167,2022-12-20 14:48:39.820337,5e909231933994023e8b3c4d,100711,None,select_applications,None,100711,None,None
168,2022-12-20 14:48:39.824715,5e909231933994023e8b3c4d,100711,None,select_reject_application,fair,[],0,0
169,2022-12-20 14:48:41.936968,5e909231933994023e8b3c4d,100711,None,select_applications,None,100711,None,None
170,2022-12-20 14:48:49.322411,5e909231933994023e8b3c4d,100702,None,select_applications,None,100702,None,None
171,2022-12-20 14:48:50.282721,5e909231933994023e8b3c4d,100702,None,select_applications,None,100702,None,None
172,2022-12-20 14:48:50.285176,5e909231933994023e8b3c4d,100702,None,select_applications,None,100702,None,None
173,2022-12-20 14:48:50.289754,5e909231933994023e8b3c4d,100702,None,select_reject_application,unfair,[],0,0
174,2022-12-20 14:48:51.820495,5e909231933994023e8b3c4d,100702,None,select_applications,None,100702,None,None
175,2022-12-20 14:48:52.173817,5e909231933994023e8b3c4d,100702,None,select_applications,None,100702,None,None
176,2022-12-20 14:48:56.911791,5e909231933994023e8b3c4d,100699,None,select_applications,None,100699,None,None
177,2022-12-20 14:48:57.893254,5e909231933994023e8b3c4d,100699,None,select_applications,None,100699,None,None
178,2022-12-20 14:48:57.896385,5e909231933994023e8b3c4d,100699,None,select_reject_application,fair,[],0,0
179,2022-12-20 14:48:57.901283,5e909231933994023e8b3c4d,100699,None,select_applications,None,100699,None,None
180,2022-12-20 14:48:59.165142,5e909231933994023e8b3c4d,100699,None,select_applications,None,100699,None,None
181,2022-12-20 14:49:04.972916,5e909231933994023e8b3c4d,100677,None,select_applications,None,100677,None,None
182,2022-12-20 14:49:05.977443,5e909231933994023e8b3c4d,100677,None,select_applications,None,100677,None,None
183,2022-12-20 14:49:05.974963,5e909231933994023e8b3c4d,100677,None,select_applications,None,100677,None,None
184,2022-12-20 14:49:05.979990,5e909231933994023e8b3c4d,100677,None,select_reject_application,unfair,[],0,0
185,2022-12-20 14:49:07.237029,5e909231933994023e8b3c4d,100677,None,select_applications,None,100677,None,None
186,2022-12-20 14:49:12.949884,5e909231933994023e8b3c4d,100625,None,select_applications,None,100625,None,None
187,2022-12-20 14:49:13.877419,5e909231933994023e8b3c4d,100625,None,select_applications,None,100625,None,None
188,2022-12-20 14:49:13.884130,5e909231933994023e8b3c4d,100625,None,select_applications,None,100625,None,None
189,2022-12-20 14:49:13.883328,5e909231933994023e8b3c4d,100625,None,select_reject_application,fair,[],0,0
190,2022-12-20 14:49:15.144993,5e909231933994023e8b3c4d,100625,None,select_applications,None,100625,None,None
191,2022-12-20 14:49:21.561228,5e909231933994023e8b3c4d,100622,None,select_applications,None,100622,None,None
192,2022-12-20 14:49:22.639883,5e909231933994023e8b3c4d,100622,None,select_applications,None,100622,None,None
193,2022-12-20 14:49:24.032782,5e909231933994023e8b3c4d,100622,None,select_reject_application,unfair,[],0,0
193,2022-12-20 14:49:24.030102,5e909231933994023e8b3c4d,100622,None,select_applications,None,100622,None,None
194,2022-12-20 14:49:25.984425,5e909231933994023e8b3c4d,100622,None,select_applications,None,100622,None,None
195,2022-12-20 14:49:35.320728,5e909231933994023e8b3c4d,100618,None,select_applications,None,100618,None,None
196,2022-12-20 14:49:36.309046,5e909231933994023e8b3c4d,100618,None,select_applications,None,100618,None,None
197,2022-12-20 14:49:36.310421,5e909231933994023e8b3c4d,100618,None,select_reject_application,fair,[],0,0
198,2022-12-20 14:49:36.307795,5e909231933994023e8b3c4d,100618,None,select_applications,None,100618,None,None
199,2022-12-20 14:49:38.514420,5e909231933994023e8b3c4d,100618,None,select_applications,None,100618,None,None
200,2022-12-20 14:49:46.634932,5e909231933994023e8b3c4d,100617,None,select_applications,None,100617,None,None
201,2022-12-20 14:49:47.574308,5e909231933994023e8b3c4d,100617,None,select_applications,None,100617,None,None
202,2022-12-20 14:49:47.578686,5e909231933994023e8b3c4d,100617,None,select_applications,None,100617,None,None
203,2022-12-20 14:49:47.581301,5e909231933994023e8b3c4d,100617,None,select_reject_application,fair,[],0,0
204,2022-12-20 14:49:49.756585,5e909231933994023e8b3c4d,100617,None,select_applications,None,100617,None,None
205,2022-12-20 14:49:56.212825,5e909231933994023e8b3c4d,100613,None,select_applications,None,100613,None,None
206,2022-12-20 14:49:57.384709,5e909231933994023e8b3c4d,100613,None,select_applications,None,100613,None,None
207,2022-12-20 14:49:57.388568,5e909231933994023e8b3c4d,100613,None,select_applications,None,100613,None,None
208,2022-12-20 14:49:57.390793,5e909231933994023e8b3c4d,100613,None,select_reject_application,fair,[],0,0
209,2022-12-20 14:49:58.946983,5e909231933994023e8b3c4d,100613,None,select_applications,None,100613,None,None
210,2022-12-20 14:50:05.403776,5e909231933994023e8b3c4d,100128,None,select_applications,None,100128,None,None
211,2022-12-20 14:50:06.478733,5e909231933994023e8b3c4d,100128,None,select_applications,None,100128,None,None
212,2022-12-20 14:50:06.480967,5e909231933994023e8b3c4d,100128,None,select_reject_application,fair,[],0,0
213,2022-12-20 14:50:06.475497,5e909231933994023e8b3c4d,100128,None,select_applications,None,100128,None,None
214,2022-12-20 14:50:07.693904,5e909231933994023e8b3c4d,100128,None,select_applications,None,100128,None,None
215,2022-12-20 14:50:11.767956,5e909231933994023e8b3c4d,100141,None,select_applications,None,100141,None,None
216,2022-12-20 14:50:12.692995,5e909231933994023e8b3c4d,100141,None,select_applications,None,100141,None,None
217,2022-12-20 14:50:13.270468,5e909231933994023e8b3c4d,100141,None,select_reject_application,fair,[],0,0
218,2022-12-20 14:50:13.273055,5e909231933994023e8b3c4d,100141,None,select_applications,None,100141,None,None
219,2022-12-20 14:50:14.673352,5e909231933994023e8b3c4d,100141,None,select_applications,None,100141,None,None
220,2022-12-20 14:50:19.930755,5e909231933994023e8b3c4d,100150,None,select_applications,None,100150,None,None
221,2022-12-20 14:50:20.980573,5e909231933994023e8b3c4d,100150,None,select_applications,None,100150,None,None
222,2022-12-20 14:50:20.983134,5e909231933994023e8b3c4d,100150,None,select_applications,None,100150,None,None
223,2022-12-20 14:50:20.989612,5e909231933994023e8b3c4d,100150,None,select_reject_application,fair,[],0,0
224,2022-12-20 14:50:22.416319,5e909231933994023e8b3c4d,100150,None,select_applications,None,100150,None,None
225,2022-12-20 14:50:25.549220,5e909231933994023e8b3c4d,100168,None,select_applications,None,100168,None,None
226,2022-12-20 14:50:26.422192,5e909231933994023e8b3c4d,100168,None,select_applications,None,100168,None,None
227,2022-12-20 14:50:26.422964,5e909231933994023e8b3c4d,100168,None,select_applications,None,100168,None,None
228,2022-12-20 14:50:26.425129,5e909231933994023e8b3c4d,100168,None,select_reject_application,fair,[],0,0
229,2022-12-20 14:50:27.666856,5e909231933994023e8b3c4d,100168,None,select_applications,None,100168,None,None
230,2022-12-20 14:50:32.490080,5e909231933994023e8b3c4d,100170,None,select_applications,None,100170,None,None
231,2022-12-20 14:50:33.306211,5e909231933994023e8b3c4d,100170,None,select_applications,None,100170,None,None
232,2022-12-20 14:50:33.306964,5e909231933994023e8b3c4d,100170,None,select_applications,None,100170,None,None
233,2022-12-20 14:50:33.310487,5e909231933994023e8b3c4d,100170,None,select_reject_application,unfair,[],0,0
234,2022-12-20 14:50:34.681471,5e909231933994023e8b3c4d,100170,None,select_applications,None,100170,None,None
235,2022-12-20 14:50:38.389156,5e909231933994023e8b3c4d,100169,None,select_applications,None,100169,None,None
236,2022-12-20 14:50:39.425472,5e909231933994023e8b3c4d,100169,None,select_applications,None,100169,None,None
237,2022-12-20 14:50:39.998616,5e909231933994023e8b3c4d,100169,None,select_applications,None,100169,None,None
238,2022-12-20 14:50:40.002315,5e909231933994023e8b3c4d,100169,None,select_applications,None,100169,None,None
239,2022-12-20 14:50:40.004441,5e909231933994023e8b3c4d,100169,None,select_reject_application,fair,[],0,0
240,2022-12-20 14:50:41.589623,5e909231933994023e8b3c4d,100169,None,select_applications,None,100169,None,None
241,2022-12-20 14:50:46.119268,5e909231933994023e8b3c4d,100171,None,select_applications,None,100171,None,None
242,2022-12-20 14:50:46.897637,5e909231933994023e8b3c4d,100171,None,select_applications,None,100171,None,None
243,2022-12-20 14:50:46.899414,5e909231933994023e8b3c4d,100171,None,select_applications,None,100171,None,None
244,2022-12-20 14:50:46.901708,5e909231933994023e8b3c4d,100171,None,select_reject_application,unfair,[],0,0
245,2022-12-20 14:50:48.421846,5e909231933994023e8b3c4d,100171,None,select_applications,None,100171,None,None
246,2022-12-20 14:50:51.973910,5e909231933994023e8b3c4d,100172,None,select_applications,None,100172,None,None
247,2022-12-20 14:50:53.022333,5e909231933994023e8b3c4d,100172,None,select_applications,None,100172,None,None
248,2022-12-20 14:50:53.642802,5e909231933994023e8b3c4d,100172,None,select_applications,None,100172,None,None
249,2022-12-20 14:50:54.129712,5e909231933994023e8b3c4d,100172,None,select_applications,None,100172,None,None
250,2022-12-20 14:50:54.131109,5e909231933994023e8b3c4d,100172,None,select_reject_application,unfair,[],0,0
251,2022-12-20 14:50:56.025786,5e909231933994023e8b3c4d,100172,None,select_applications,None,100172,None,None
252,2022-12-20 14:51:01.335605,5e909231933994023e8b3c4d,100184,None,select_applications,None,100184,None,None
253,2022-12-20 14:51:02.271749,5e909231933994023e8b3c4d,100184,None,select_applications,None,100184,None,None
254,2022-12-20 14:51:02.274905,5e909231933994023e8b3c4d,100184,None,select_applications,None,100184,None,None
255,2022-12-20 14:51:02.279171,5e909231933994023e8b3c4d,100184,None,select_reject_application,fair,[],0,0
256,2022-12-20 14:51:04.199438,5e909231933994023e8b3c4d,100184,None,select_applications,None,100184,None,None
257,2022-12-20 14:51:09.190304,5e909231933994023e8b3c4d,100187,None,select_applications,None,100187,None,None
258,2022-12-20 14:51:10.189552,5e909231933994023e8b3c4d,100187,None,select_applications,None,100187,None,None
258,2022-12-20 14:51:10.188184,5e909231933994023e8b3c4d,100187,None,select_applications,None,100187,None,None
259,2022-12-20 14:51:10.256987,5e909231933994023e8b3c4d,100187,None,select_reject_application,fair,[],0,0
260,2022-12-20 14:51:11.692327,5e909231933994023e8b3c4d,100187,None,select_applications,None,100187,None,None
261,2022-12-20 14:51:12.302342,5e909231933994023e8b3c4d,100187,None,select_applications,None,100187,None,None
262,2022-12-20 14:51:18.632366,5e909231933994023e8b3c4d,100241,None,select_applications,None,100241,None,None
263,2022-12-20 14:51:20.018524,5e909231933994023e8b3c4d,100241,None,select_applications,None,100241,None,None
264,2022-12-20 14:51:20.024577,5e909231933994023e8b3c4d,100241,None,select_applications,None,100241,None,None
265,2022-12-20 14:51:20.031157,5e909231933994023e8b3c4d,100241,None,select_reject_application,unfair,[],0,0
266,2022-12-20 14:51:21.437833,5e909231933994023e8b3c4d,100241,None,select_applications,None,100241,None,None
267,2022-12-20 14:51:26.257085,5e909231933994023e8b3c4d,100278,None,select_applications,None,100278,None,None
268,2022-12-20 14:51:27.329377,5e909231933994023e8b3c4d,100278,None,select_applications,None,100278,None,None
269,2022-12-20 14:51:28.044237,5e909231933994023e8b3c4d,100278,None,select_applications,None,100278,None,None
270,2022-12-20 14:51:28.051606,5e909231933994023e8b3c4d,100278,None,select_applications,None,100278,None,None
271,2022-12-20 14:51:28.054342,5e909231933994023e8b3c4d,100278,None,select_reject_application,unfair,[],0,0
272,2022-12-20 14:51:29.258927,5e909231933994023e8b3c4d,100278,None,select_applications,None,100278,None,None
273,2022-12-20 14:51:29.561317,5e909231933994023e8b3c4d,100278,None,select_applications,None,100278,None,None
274,2022-12-20 14:51:33.840275,5e909231933994023e8b3c4d,100212,None,select_applications,None,100212,None,None
275,2022-12-20 14:51:34.885464,5e909231933994023e8b3c4d,100212,None,select_applications,None,100212,None,None
276,2022-12-20 14:51:34.888689,5e909231933994023e8b3c4d,100212,None,select_applications,None,100212,None,None
277,2022-12-20 14:51:34.957144,5e909231933994023e8b3c4d,100212,None,select_reject_application,fair,[],0,0
278,2022-12-20 14:51:35.942476,5e909231933994023e8b3c4d,100212,None,select_applications,None,100212,None,None
279,2022-12-20 14:51:45.655871,5e909231933994023e8b3c4d,100222,None,select_applications,None,100222,None,None
280,2022-12-20 14:51:46.567143,5e909231933994023e8b3c4d,100222,None,select_applications,None,100222,None,None
281,2022-12-20 14:51:46.569292,5e909231933994023e8b3c4d,100222,None,select_applications,None,100222,None,None
282,2022-12-20 14:51:46.576983,5e909231933994023e8b3c4d,100222,None,select_reject_application,fair,[],0,0
283,2022-12-20 14:51:48.736704,5e909231933994023e8b3c4d,100222,None,select_applications,None,100222,None,None
284,2022-12-20 14:51:54.019792,5e909231933994023e8b3c4d,100223,None,select_applications,None,100223,None,None
285,2022-12-20 14:51:55.069145,5e909231933994023e8b3c4d,100223,None,select_applications,None,100223,None,None
286,2022-12-20 14:51:55.066846,5e909231933994023e8b3c4d,100223,None,select_applications,None,100223,None,None
287,2022-12-20 14:51:55.142338,5e909231933994023e8b3c4d,100223,None,select_reject_application,fair,[],0,0
288,2022-12-20 14:51:56.433123,5e909231933994023e8b3c4d,100223,None,select_applications,None,100223,None,None
289,2022-12-20 14:52:00.976221,5e909231933994023e8b3c4d,100232,None,select_applications,None,100232,None,None
290,2022-12-20 14:52:01.904709,5e909231933994023e8b3c4d,100232,None,select_applications,None,100232,None,None
291,2022-12-20 14:52:01.903715,5e909231933994023e8b3c4d,100232,None,select_reject_application,fair,[],0,0
292,2022-12-20 14:52:01.902183,5e909231933994023e8b3c4d,100232,None,select_applications,None,100232,None,None
293,2022-12-20 14:52:02.988577,5e909231933994023e8b3c4d,100232,None,select_applications,None,100232,None,None
294,2022-12-20 14:52:08.623578,5e909231933994023e8b3c4d,100245,None,select_applications,None,100245,None,None
295,2022-12-20 14:52:09.609242,5e909231933994023e8b3c4d,100245,None,select_applications,None,100245,None,None
296,2022-12-20 14:52:09.612397,5e909231933994023e8b3c4d,100245,None,select_applications,None,100245,None,None
297,2022-12-20 14:52:09.615141,5e909231933994023e8b3c4d,100245,None,select_reject_application,fair,[],0,0
298,2022-12-20 14:52:11.212942,5e909231933994023e8b3c4d,100245,None,select_applications,None,100245,None,None
299,2022-12-20 14:52:19.225401,5e909231933994023e8b3c4d,100253,None,select_applications,None,100253,None,None
300,2022-12-20 14:52:21.341551,5e909231933994023e8b3c4d,100253,None,select_applications,None,100253,None,None
301,2022-12-20 14:52:21.345617,5e909231933994023e8b3c4d,100253,None,select_applications,None,100253,None,None
302,2022-12-20 14:52:21.349584,5e909231933994023e8b3c4d,100253,None,select_reject_application,fair,[],0,0
303,2022-12-20 14:52:22.539743,5e909231933994023e8b3c4d,100253,None,select_applications,None,100253,None,None
304,2022-12-20 14:52:30.759154,5e909231933994023e8b3c4d,100256,None,select_applications,None,100256,None,None
305,2022-12-20 14:52:31.702198,5e909231933994023e8b3c4d,100256,None,select_applications,None,100256,None,None
306,2022-12-20 14:52:33.261005,5e909231933994023e8b3c4d,100256,None,select_applications,None,100256,None,None
307,2022-12-20 14:52:33.265556,5e909231933994023e8b3c4d,100256,None,select_reject_application,unfair,[],0,0
308,2022-12-20 14:52:34.511784,5e909231933994023e8b3c4d,100256,None,select_applications,None,100256,None,None
309,2022-12-20 14:52:38.904694,5e909231933994023e8b3c4d,100280,None,select_applications,None,100280,None,None
310,2022-12-20 14:52:39.936705,5e909231933994023e8b3c4d,100280,None,select_applications,None,100280,None,None
311,2022-12-20 14:52:41.201045,5e909231933994023e8b3c4d,100280,None,select_reject_application,fair,[],0,0
312,2022-12-20 14:52:41.199848,5e909231933994023e8b3c4d,100280,None,select_applications,None,100280,None,None
313,2022-12-20 14:52:42.332614,5e909231933994023e8b3c4d,100280,None,select_applications,None,100280,None,None
314,2022-12-20 14:52:50.299706,5e909231933994023e8b3c4d,100607,None,select_applications,None,100607,None,None
315,2022-12-20 14:52:50.629250,5e909231933994023e8b3c4d,100602,None,select_applications,None,100602,None,None
316,2022-12-20 14:52:51.726026,5e909231933994023e8b3c4d,100602,None,select_applications,None,100602,None,None
317,2022-12-20 14:52:51.728935,5e909231933994023e8b3c4d,100602,None,select_reject_application,fair,[],0,0
318,2022-12-20 14:52:52.893822,5e909231933994023e8b3c4d,100602,None,select_applications,None,100602,None,None
319,2022-12-20 14:53:12.602684,5e909231933994023e8b3c4d,100271,None,select_applications,None,100271,None,None
320,2022-12-20 14:53:13.680897,5e909231933994023e8b3c4d,100271,None,select_reject_application,fair,[],0,0
321,2022-12-20 14:53:13.679160,5e909231933994023e8b3c4d,100271,None,select_applications,None,100271,None,None
322,2022-12-20 14:53:15.233782,5e909231933994023e8b3c4d,100271,None,select_applications,None,100271,None,None
323,2022-12-20 14:53:39.239743,5e909231933994023e8b3c4d,100367,None,select_applications,None,100367,None,None
324,2022-12-20 14:53:40.210373,5e909231933994023e8b3c4d,100367,None,select_reject_application,fair,[],0,0
325,2022-12-20 14:53:40.209327,5e909231933994023e8b3c4d,100367,None,select_applications,None,100367,None,None
326,2022-12-20 14:53:42.139519,5e909231933994023e8b3c4d,100367,None,select_applications,None,100367,None,None
327,2022-12-20 14:53:45.520846,5e909231933994023e8b3c4d,100422,None,select_applications,None,100422,None,None
328,2022-12-20 14:53:45.835397,5e909231933994023e8b3c4d,100404,None,select_applications,None,100404,None,None
329,2022-12-20 14:53:48.250395,5e909231933994023e8b3c4d,100404,None,select_applications,None,100404,None,None
330,2022-12-20 14:53:49.287240,5e909231933994023e8b3c4d,100404,None,select_applications,None,100404,None,None
331,2022-12-20 14:53:49.805593,5e909231933994023e8b3c4d,100404,None,select_applications,None,100404,None,None
332,2022-12-20 14:53:50.209187,5e909231933994023e8b3c4d,100404,None,select_reject_application,unfair,[],0,0
333,2022-12-20 14:53:50.205896,5e909231933994023e8b3c4d,100404,None,select_applications,None,100404,None,None
334,2022-12-20 14:53:51.489120,5e909231933994023e8b3c4d,100404,None,select_applications,None,100404,None,None
335,2022-12-20 14:53:55.459390,5e909231933994023e8b3c4d,100445,None,select_applications,None,100445,None,None
336,2022-12-20 14:53:56.642611,5e909231933994023e8b3c4d,100445,None,select_applications,None,100445,None,None
337,2022-12-20 14:53:57.744238,5e909231933994023e8b3c4d,100445,None,select_applications,None,100445,None,None
338,2022-12-20 14:53:57.748591,5e909231933994023e8b3c4d,100445,None,select_applications,None,100445,None,None
339,2022-12-20 14:53:57.821233,5e909231933994023e8b3c4d,100445,None,select_reject_application,unfair,[],0,0
340,2022-12-20 14:53:59.136094,5e909231933994023e8b3c4d,100445,None,select_applications,None,100445,None,None
341,2022-12-20 14:54:04.089536,5e909231933994023e8b3c4d,100399,None,select_applications,None,100399,None,None
342,2022-12-20 14:54:04.978130,5e909231933994023e8b3c4d,100399,None,select_applications,None,100399,None,None
343,2022-12-20 14:54:04.976883,5e909231933994023e8b3c4d,100399,None,select_applications,None,100399,None,None
344,2022-12-20 14:54:04.982476,5e909231933994023e8b3c4d,100399,None,select_reject_application,fair,[],0,0
345,2022-12-20 14:54:06.106857,5e909231933994023e8b3c4d,100399,None,select_applications,None,100399,None,None
346,2022-12-20 14:54:11.152762,5e909231933994023e8b3c4d,100382,None,select_applications,None,100382,None,None
347,2022-12-20 14:54:12.103638,5e909231933994023e8b3c4d,100382,None,select_applications,None,100382,None,None
348,2022-12-20 14:54:12.102230,5e909231933994023e8b3c4d,100382,None,select_applications,None,100382,None,None
349,2022-12-20 14:54:12.108263,5e909231933994023e8b3c4d,100382,None,select_reject_application,fair,[],0,0
350,2022-12-20 14:54:13.523161,5e909231933994023e8b3c4d,100382,None,select_applications,None,100382,None,None
351,2022-12-20 14:54:16.643173,5e909231933994023e8b3c4d,100330,None,select_applications,None,100330,None,None
352,2022-12-20 14:54:17.490629,5e909231933994023e8b3c4d,100330,None,select_applications,None,100330,None,None
353,2022-12-20 14:54:17.492758,5e909231933994023e8b3c4d,100330,None,select_reject_application,unfair,[],0,0
354,2022-12-20 14:54:17.488166,5e909231933994023e8b3c4d,100330,None,select_applications,None,100330,None,None
355,2022-12-20 14:54:19.083690,5e909231933994023e8b3c4d,100330,None,select_applications,None,100330,None,None
356,2022-12-20 14:54:23.249727,5e909231933994023e8b3c4d,100384,None,select_applications,None,100384,None,None
357,2022-12-20 14:54:24.968877,5e909231933994023e8b3c4d,100384,None,select_applications,None,100384,None,None
358,2022-12-20 14:54:24.971279,5e909231933994023e8b3c4d,100384,None,select_applications,None,100384,None,None
359,2022-12-20 14:54:24.975736,5e909231933994023e8b3c4d,100384,None,select_reject_application,unfair,[],0,0
360,2022-12-20 14:54:26.115400,5e909231933994023e8b3c4d,100384,None,select_applications,None,100384,None,None
361,2022-12-20 14:54:30.343358,5e909231933994023e8b3c4d,100386,None,select_applications,None,100386,None,None
362,2022-12-20 14:54:31.218473,5e909231933994023e8b3c4d,100386,None,select_applications,None,100386,None,None
363,2022-12-20 14:54:31.219942,5e909231933994023e8b3c4d,100386,None,select_applications,None,100386,None,None
364,2022-12-20 14:54:31.221918,5e909231933994023e8b3c4d,100386,None,select_reject_application,fair,[],0,0
365,2022-12-20 14:54:32.595945,5e909231933994023e8b3c4d,100386,None,select_applications,None,100386,None,None
366,2022-12-20 14:54:37.835449,5e909231933994023e8b3c4d,100358,None,select_applications,None,100358,None,None
367,2022-12-20 14:54:38.836928,5e909231933994023e8b3c4d,100358,None,select_applications,None,100358,None,None
368,2022-12-20 14:54:38.838967,5e909231933994023e8b3c4d,100358,None,select_applications,None,100358,None,None
369,2022-12-20 14:54:38.847087,5e909231933994023e8b3c4d,100358,None,select_reject_application,fair,[],0,0
370,2022-12-20 14:54:40.037084,5e909231933994023e8b3c4d,100358,None,select_applications,None,100358,None,None
371,2022-12-20 14:54:45.037787,5e909231933994023e8b3c4d,100352,None,select_applications,None,100352,None,None
372,2022-12-20 14:54:46.048639,5e909231933994023e8b3c4d,100352,None,select_applications,None,100352,None,None
373,2022-12-20 14:54:46.053228,5e909231933994023e8b3c4d,100352,None,select_reject_application,fair,[],0,0
374,2022-12-20 14:54:47.595417,5e909231933994023e8b3c4d,100352,None,select_applications,None,100352,None,None
375,2022-12-20 14:54:56.875385,5e909231933994023e8b3c4d,100607,None,select_applications,None,100607,None,None
376,2022-12-20 14:54:57.933952,5e909231933994023e8b3c4d,100607,None,select_applications,None,100607,None,None
377,2022-12-20 14:54:57.934813,5e909231933994023e8b3c4d,100607,None,select_applications,None,100607,None,None
378,2022-12-20 14:54:58.003541,5e909231933994023e8b3c4d,100607,None,select_reject_application,fair,[],0,0
379,2022-12-20 14:55:00.476471,5e909231933994023e8b3c4d,100607,None,select_applications,None,100607,None,None
380,2022-12-20 14:55:08.727117,5e909231933994023e8b3c4d,100592,None,select_applications,None,100592,None,None
381,2022-12-20 14:55:09.619689,5e909231933994023e8b3c4d,100592,None,select_applications,None,100592,None,None
382,2022-12-20 14:55:09.624548,5e909231933994023e8b3c4d,100592,None,select_applications,None,100592,None,None
383,2022-12-20 14:55:09.691061,5e909231933994023e8b3c4d,100592,None,select_reject_application,fair,[],0,0
384,2022-12-20 14:55:10.851324,5e909231933994023e8b3c4d,100592,None,select_applications,None,100592,None,None
385,2022-12-20 14:55:14.797760,5e909231933994023e8b3c4d,100331,None,select_applications,None,100331,None,None
386,2022-12-20 14:55:15.710166,5e909231933994023e8b3c4d,100331,None,select_applications,None,100331,None,None
387,2022-12-20 14:55:15.712366,5e909231933994023e8b3c4d,100331,None,select_reject_application,fair,[],0,0
388,2022-12-20 14:55:15.713939,5e909231933994023e8b3c4d,100331,None,select_applications,None,100331,None,None
389,2022-12-20 14:55:17.592675,5e909231933994023e8b3c4d,100331,None,select_applications,None,100331,None,None
390,2022-12-20 14:55:24.745938,5e909231933994023e8b3c4d,100416,None,select_applications,None,100416,None,None
391,2022-12-20 14:55:25.680163,5e909231933994023e8b3c4d,100416,None,select_applications,None,100416,None,None
392,2022-12-20 14:55:25.680059,5e909231933994023e8b3c4d,100416,None,select_applications,None,100416,None,None
393,2022-12-20 14:55:25.684435,5e909231933994023e8b3c4d,100416,None,select_reject_application,fair,[],0,0
394,2022-12-20 14:55:26.768807,5e909231933994023e8b3c4d,100416,None,select_applications,None,100416,None,None
395,2022-12-20 14:55:30.967695,5e909231933994023e8b3c4d,100306,None,select_applications,None,100306,None,None
396,2022-12-20 14:55:31.847525,5e909231933994023e8b3c4d,100306,None,select_applications,None,100306,None,None
397,2022-12-20 14:55:32.384628,5e909231933994023e8b3c4d,100306,None,select_applications,None,100306,None,None
398,2022-12-20 14:55:32.386255,5e909231933994023e8b3c4d,100306,None,select_reject_application,unfair,[],0,0
399,2022-12-20 14:55:33.978651,5e909231933994023e8b3c4d,100306,None,select_applications,None,100306,None,None
400,2022-12-20 14:55:38.725905,5e909231933994023e8b3c4d,100311,None,select_applications,None,100311,None,None
401,2022-12-20 14:55:39.671541,5e909231933994023e8b3c4d,100311,None,select_reject_application,fair,[],0,0
402,2022-12-20 14:55:39.675568,5e909231933994023e8b3c4d,100311,None,select_applications,None,100311,None,None
403,2022-12-20 14:55:39.669743,5e909231933994023e8b3c4d,100311,None,select_applications,None,100311,None,None
404,2022-12-20 14:55:40.889907,5e909231933994023e8b3c4d,100311,None,select_applications,None,100311,None,None
405,2022-12-20 14:55:47.498256,5e909231933994023e8b3c4d,100385,None,select_applications,None,100385,None,None
406,2022-12-20 14:55:48.581442,5e909231933994023e8b3c4d,100385,None,select_applications,None,100385,None,None
407,2022-12-20 14:55:48.585283,5e909231933994023e8b3c4d,100385,None,select_applications,None,100385,None,None
408,2022-12-20 14:55:48.654003,5e909231933994023e8b3c4d,100385,None,select_reject_application,fair,[],0,0
409,2022-12-20 14:55:49.783702,5e909231933994023e8b3c4d,100385,None,select_applications,None,100385,None,None
410,2022-12-20 14:55:55.133931,5e909231933994023e8b3c4d,100312,None,select_applications,None,100312,None,None
411,2022-12-20 14:55:55.988976,5e909231933994023e8b3c4d,100312,None,select_applications,None,100312,None,None
412,2022-12-20 14:55:55.987379,5e909231933994023e8b3c4d,100312,None,select_applications,None,100312,None,None
413,2022-12-20 14:55:55.994672,5e909231933994023e8b3c4d,100312,None,select_reject_application,fair,[],0,0
414,2022-12-20 14:55:57.381264,5e909231933994023e8b3c4d,100312,None,select_applications,None,100312,None,None
415,2022-12-20 14:56:03.427709,5e909231933994023e8b3c4d,100422,None,select_applications,None,100422,None,None
416,2022-12-20 14:56:05.116303,5e909231933994023e8b3c4d,100422,None,select_applications,None,100422,None,None
417,2022-12-20 14:56:05.548661,5e909231933994023e8b3c4d,100422,None,select_applications,None,100422,None,None
418,2022-12-20 14:56:05.899209,5e909231933994023e8b3c4d,100422,None,select_reject_application,unfair,[],0,0
418,2022-12-20 14:56:05.895115,5e909231933994023e8b3c4d,100422,None,select_applications,None,100422,None,None
419,2022-12-20 14:56:07.831926,5e909231933994023e8b3c4d,100422,None,select_applications,None,100422,None,None
420,2022-12-20 14:56:14.571485,5e909231933994023e8b3c4d,100426,None,select_applications,None,100426,None,None
421,2022-12-20 14:56:15.795550,5e909231933994023e8b3c4d,100426,None,select_applications,None,100426,None,None
422,2022-12-20 14:56:15.800069,5e909231933994023e8b3c4d,100426,None,select_applications,None,100426,None,None
423,2022-12-20 14:56:15.802738,5e909231933994023e8b3c4d,100426,None,select_reject_application,fair,[],0,0
424,2022-12-20 14:56:16.845865,5e909231933994023e8b3c4d,100426,None,select_applications,None,100426,None,None
425,2022-12-20 14:56:24.363725,5e909231933994023e8b3c4d,100591,None,select_applications,None,100591,None,None
426,2022-12-20 14:56:25.313168,5e909231933994023e8b3c4d,100591,None,select_applications,None,100591,None,None
427,2022-12-20 14:56:25.317276,5e909231933994023e8b3c4d,100591,None,select_reject_application,fair,[],0,0
428,2022-12-20 14:56:25.311047,5e909231933994023e8b3c4d,100591,None,select_applications,None,100591,None,None
429,2022-12-20 14:56:26.390011,5e909231933994023e8b3c4d,100591,None,select_applications,None,100591,None,None
430,2022-12-20 14:56:32.916856,5e909231933994023e8b3c4d,100569,None,select_applications,None,100569,None,None
431,2022-12-20 14:56:33.879374,5e909231933994023e8b3c4d,100569,None,select_applications,None,100569,None,None
432,2022-12-20 14:56:34.200741,5e909231933994023e8b3c4d,100569,None,select_applications,None,100569,None,None
433,2022-12-20 14:56:34.204528,5e909231933994023e8b3c4d,100569,None,select_reject_application,fair,[],0,0
434,2022-12-20 14:56:35.773312,5e909231933994023e8b3c4d,100569,None,select_applications,None,100569,None,None
435,2022-12-20 14:56:43.021796,5e909231933994023e8b3c4d,100561,None,select_applications,None,100561,None,None
436,2022-12-20 14:56:43.901430,5e909231933994023e8b3c4d,100561,None,select_applications,None,100561,None,None
437,2022-12-20 14:56:43.909212,5e909231933994023e8b3c4d,100561,None,select_reject_application,fair,[],0,0
438,2022-12-20 14:56:43.907790,5e909231933994023e8b3c4d,100561,None,select_applications,None,100561,None,None
439,2022-12-20 14:56:45.576183,5e909231933994023e8b3c4d,100561,None,select_applications,None,100561,None,None
440,2022-12-20 14:56:51.216778,5e909231933994023e8b3c4d,100553,None,select_applications,None,100553,None,None
441,2022-12-20 14:56:52.172122,5e909231933994023e8b3c4d,100553,None,select_applications,None,100553,None,None
442,2022-12-20 14:56:52.171019,5e909231933994023e8b3c4d,100553,None,select_applications,None,100553,None,None
443,2022-12-20 14:56:52.176597,5e909231933994023e8b3c4d,100553,None,select_reject_application,fair,[],0,0
444,2022-12-20 14:56:53.541856,5e909231933994023e8b3c4d,100553,None,select_applications,None,100553,None,None
445,2022-12-20 14:56:59.456185,5e909231933994023e8b3c4d,100552,None,select_applications,None,100552,None,None
446,2022-12-20 14:57:00.329208,5e909231933994023e8b3c4d,100552,None,select_reject_application,fair,[],0,0
446,2022-12-20 14:57:00.325778,5e909231933994023e8b3c4d,100552,None,select_applications,None,100552,None,None
447,2022-12-20 14:57:02.103159,5e909231933994023e8b3c4d,100552,None,select_applications,None,100552,None,None
448,2022-12-20 14:57:07.960332,5e909231933994023e8b3c4d,100568,None,select_applications,None,100568,None,None
449,2022-12-20 14:57:09.424862,5e909231933994023e8b3c4d,100568,None,select_reject_application,unfair,[],0,0
450,2022-12-20 14:57:09.421659,5e909231933994023e8b3c4d,100568,None,select_applications,None,100568,None,None
451,2022-12-20 14:57:10.621253,5e909231933994023e8b3c4d,100568,None,select_applications,None,100568,None,None
452,2022-12-20 14:57:20.705404,5e909231933994023e8b3c4d,100551,None,select_applications,None,100551,None,None
453,2022-12-20 14:57:21.787975,5e909231933994023e8b3c4d,100551,None,select_applications,None,100551,None,None
454,2022-12-20 14:57:21.790913,5e909231933994023e8b3c4d,100551,None,select_applications,None,100551,None,None
455,2022-12-20 14:57:21.795723,5e909231933994023e8b3c4d,100551,None,select_reject_application,unfair,[],0,0
456,2022-12-20 14:57:22.880510,5e909231933994023e8b3c4d,100551,None,select_applications,None,100551,None,None
457,2022-12-20 14:57:29.423280,5e909231933994023e8b3c4d,100548,None,select_applications,None,100548,None,None
458,2022-12-20 14:57:30.307454,5e909231933994023e8b3c4d,100548,None,select_applications,None,100548,None,None
459,2022-12-20 14:57:30.310988,5e909231933994023e8b3c4d,100548,None,select_reject_application,fair,[],0,0
460,2022-12-20 14:57:32.133934,5e909231933994023e8b3c4d,100548,None,select_applications,None,100548,None,None
461,2022-12-20 14:57:35.574602,5e909231933994023e8b3c4d,100494,None,select_applications,None,100494,None,None
462,2022-12-20 14:57:36.477528,5e909231933994023e8b3c4d,100494,None,select_applications,None,100494,None,None
463,2022-12-20 14:57:36.482954,5e909231933994023e8b3c4d,100494,None,select_reject_application,fair,[],0,0
464,2022-12-20 14:57:38.049608,5e909231933994023e8b3c4d,100494,None,select_applications,None,100494,None,None
465,2022-12-20 14:58:00.894341,5e909231933994023e8b3c4d,100446,None,select_applications,None,100446,None,None
466,2022-12-20 14:58:01.725055,5e909231933994023e8b3c4d,100446,None,select_applications,None,100446,None,None
467,2022-12-20 14:58:01.730614,5e909231933994023e8b3c4d,100446,None,select_applications,None,100446,None,None
468,2022-12-20 14:58:01.825338,5e909231933994023e8b3c4d,100446,None,select_reject_application,fair,[],0,0
469,2022-12-20 14:58:03.292580,5e909231933994023e8b3c4d,100446,None,select_applications,None,100446,None,None
470,2022-12-20 14:58:09.199962,5e909231933994023e8b3c4d,100510,None,select_applications,None,100510,None,None
471,2022-12-20 14:58:10.134552,5e909231933994023e8b3c4d,100510,None,select_applications,None,100510,None,None
472,2022-12-20 14:58:10.136142,5e909231933994023e8b3c4d,100510,None,select_applications,None,100510,None,None
473,2022-12-20 14:58:10.139118,5e909231933994023e8b3c4d,100510,None,select_reject_application,unfair,[],0,0
474,2022-12-20 14:58:11.331351,5e909231933994023e8b3c4d,100510,None,select_applications,None,100510,None,None
